内容,评论时间,用户名,id,产品名
已经回购了好几次了！物美价廉有没有，第一次买是去年过年，报着试试的心态买的，收到货比想象的还好，瓶子特别可爱，这次买来同事聚会喝，商家送了酒具和开瓶器，非常贴心！！良心商家了 下次再买些别的新品尝尝，相信浙一家！,2020/7/26 12:58,5***女,14460073601,送酒具浙一家花果酒礼盒500ml*6瓶 桂花酒桃花醉桃花酒桃花酿青梅酒柚子酒荔枝酒蓝莓酒女士低度
很漂亮的果酒，各种口味齐全非常好，也很好喝，酒味有一点，偏甜些，本人喜欢喝。易碎品，但包装很完整，也没有破损，还有保温箱，没冻。,2021/2/21 20:04,叶***2,15337842225,送酒具浙一家花果酒礼盒500ml*6瓶 桂花酒桃花醉桃花酒桃花酿青梅酒柚子酒荔枝酒蓝莓酒女士低度
包装特别好，瓷瓶漂亮又上档次。六瓶酒六种口味，开了一瓶 品尝 后才来评价。入口既有米酒的甘甜又有水果的清香，回味不辣口无苦涩感。烫热品味入口更甜一些，酒味较淡；冰镇一下入口果香更浓，酒香更盛。本身只有九度，不上头不伤胃，非常棒。,2020/11/5 11:03,****0,14845829942,送酒具浙一家花果酒礼盒500ml*6瓶 桂花酒桃花醉桃花酒桃花酿青梅酒柚子酒荔枝酒蓝莓酒女士低度
我的妈，颜值好高，包装的也很用心，还送了酒具，六种口味，爱了爱了,2021/2/6 19:01,s***e,15299921708,送酒具浙一家花果酒礼盒500ml*6瓶 桂花酒桃花醉桃花酒桃花酿青梅酒柚子酒荔枝酒蓝莓酒女士低度
还没喝呢，不知道味道怎么样，包装很好，快递小哥也很给力。,2021/1/7 18:39,l***n,15163934475,送酒具浙一家花果酒礼盒500ml*6瓶 桂花酒桃花醉桃花酒桃花酿青梅酒柚子酒荔枝酒蓝莓酒女士低度
买酒，老板送了杯子，还送了开瓶器，想的真齐全。一箱有六种口味，瓶子也很漂亮，双十一买的，优惠了一点比平时，在加上满300-40就更优惠了，喝完还会回购的。对了，包装也是特别好。很用心的包装。老板生意兴隆。,2020/11/18 11:55,****宝,14925171107,送酒具浙一家花果酒礼盒500ml*6瓶 桂花酒桃花醉桃花酒桃花酿青梅酒柚子酒荔枝酒蓝莓酒女士低度
喜欢送的酒具，和我家餐具是一套的，太有缘分了，爱爱爱了，酒也错，正适合没酒量的人喝。,2021/1/14 22:13,宋***-,15203189851,送酒具浙一家花果酒礼盒500ml*6瓶 桂花酒桃花醉桃花酒桃花酿青梅酒柚子酒荔枝酒蓝莓酒女士低度
一次很好的购物体验，服务周到，物流快速，配送也很周到，态度也很好，好评！包装很好，颜值不错东西不错，还有优惠，可以放心省钱购买，不要犹豫了,2020/11/11 23:52,p***y,14883604908,送酒具浙一家花果酒礼盒500ml*6瓶 桂花酒桃花醉桃花酒桃花酿青梅酒柚子酒荔枝酒蓝莓酒女士低度
给妹妹买的，她好喜欢哦！酒瓶很漂亮！送的小酒具也漂亮！送货非常快！包装也很好！酒精度不高，有花果香。天冷的时候喝点，暖和舒服！,2020/12/22 14:24,****3,15081194830,送酒具浙一家花果酒礼盒500ml*6瓶 桂花酒桃花醉桃花酒桃花酿青梅酒柚子酒荔枝酒蓝莓酒女士低度
这家酒度数不高，口感很好，不同口味都各有特色。目前尝了桂花和蓝莓味的。都很好喝～,2020/11/26 9:26,h***n,14963105253,送酒具浙一家花果酒礼盒500ml*6瓶 桂花酒桃花醉桃花酒桃花酿青梅酒柚子酒荔枝酒蓝莓酒女士低度
不错，味道好极了，，,2021/6/2 17:25,****1,15750487768,送酒具浙一家花果酒礼盒500ml*6瓶 桂花酒桃花醉桃花酒桃花酿青梅酒柚子酒荔枝酒蓝莓酒女士低度
商品很满意，快递小哥很优秀，服务态度很好,2021/6/1 23:22,****e,15747206293,送酒具浙一家花果酒礼盒500ml*6瓶 桂花酒桃花醉桃花酒桃花酿青梅酒柚子酒荔枝酒蓝莓酒女士低度
好喝,2021/5/30 20:27,青***儿,15737777271,送酒具浙一家花果酒礼盒500ml*6瓶 桂花酒桃花醉桃花酒桃花酿青梅酒柚子酒荔枝酒蓝莓酒女士低度
还行 朋友喝着是那回事,2021/5/30 0:05,h***q,15734741738,送酒具浙一家花果酒礼盒500ml*6瓶 桂花酒桃花醉桃花酒桃花酿青梅酒柚子酒荔枝酒蓝莓酒女士低度
很满意的一次购物。很好喝 很喜欢。送的杯子也很好看。,2021/5/24 14:55,曾***增,15712720559,送酒具浙一家花果酒礼盒500ml*6瓶 桂花酒桃花醉桃花酒桃花酿青梅酒柚子酒荔枝酒蓝莓酒女士低度
一开始没仔细看，以为是果酒下单了，后来到了一看，是糯米酒调的，只能说，糯米酒不值这个价，永江11度的白糯米酒750ml才12块钱，那瓶桂花的我常了，就和我用白糯米酒煮桂花一个味。还不如我在超市20来块钱瓶买的青梅跟葡萄发酵的果酒，量少，但是值这个价，这个酒，只能叫&ldquo;酒味饮料&rdquo;，你说是酒，都**。,2021/5/23 21:32,铭***剑,15710200472,送酒具浙一家花果酒礼盒500ml*6瓶 桂花酒桃花醉桃花酒桃花酿青梅酒柚子酒荔枝酒蓝莓酒女士低度
总体不错，喝了四瓶，蓝莓最好喝，荔枝不咋地，性价比算高的了，商家人也好，会再买,2021/5/22 2:47,谢***栓,15702594600,送酒具浙一家花果酒礼盒500ml*6瓶 桂花酒桃花醉桃花酒桃花酿青梅酒柚子酒荔枝酒蓝莓酒女士低度
口感挺好的，还会再买的,2021/5/21 21:02,****_,15701875171,送酒具浙一家花果酒礼盒500ml*6瓶 桂花酒桃花醉桃花酒桃花酿青梅酒柚子酒荔枝酒蓝莓酒女士低度
酒完好，六种花果，应该是不差的，送了酒具。,2021/5/21 7:30,马***流,15698774216,送酒具浙一家花果酒礼盒500ml*6瓶 桂花酒桃花醉桃花酒桃花酿青梅酒柚子酒荔枝酒蓝莓酒女士低度
看着不错，喝好再来,2021/5/19 19:15,爱***底,15693171735,送酒具浙一家花果酒礼盒500ml*6瓶 桂花酒桃花醉桃花酒桃花酿青梅酒柚子酒荔枝酒蓝莓酒女士低度
我首先是被他的外观颜值所吸引的，出乎意料的是它的味道也不错，口感纯正，有果香味，有6种口味，味道香甜，会继续光顾！,2021/5/18 9:54,渣***姐,15686519275,送酒具浙一家花果酒礼盒500ml*6瓶 桂花酒桃花醉桃花酒桃花酿青梅酒柚子酒荔枝酒蓝莓酒女士低度
非常漂亮口感也很好??,2021/5/17 12:28,管***8,15682833483,送酒具浙一家花果酒礼盒500ml*6瓶 桂花酒桃花醉桃花酒桃花酿青梅酒柚子酒荔枝酒蓝莓酒女士低度
口感很不错，家人朋友都喜欢,2021/5/15 11:17,吉***平,15674633476,送酒具浙一家花果酒礼盒500ml*6瓶 桂花酒桃花醉桃花酒桃花酿青梅酒柚子酒荔枝酒蓝莓酒女士低度
还行，性价比高,2021/5/15 9:45,****g,15674253077,送酒具浙一家花果酒礼盒500ml*6瓶 桂花酒桃花醉桃花酒桃花酿青梅酒柚子酒荔枝酒蓝莓酒女士低度
很好喝 很好看，甜甜的,2021/5/14 22:34,****9,15673237141,送酒具浙一家花果酒礼盒500ml*6瓶 桂花酒桃花醉桃花酒桃花酿青梅酒柚子酒荔枝酒蓝莓酒女士低度
口感很棒，分量也很足。我很喜欢。,2021/5/13 19:07,****8,15668634166,送酒具浙一家花果酒礼盒500ml*6瓶 桂花酒桃花醉桃花酒桃花酿青梅酒柚子酒荔枝酒蓝莓酒女士低度
物流快速，包装保护很好，瓶子很精@,2021/5/12 12:19,****j,15663204265,送酒具浙一家花果酒礼盒500ml*6瓶 桂花酒桃花醉桃花酒桃花酿青梅酒柚子酒荔枝酒蓝莓酒女士低度
包装还不错，瓶子挺漂亮的，酒还没喝，过几天尝尝看。,2021/5/10 10:42,爱***1,15654595959,送酒具浙一家花果酒礼盒500ml*6瓶 桂花酒桃花醉桃花酒桃花酿青梅酒柚子酒荔枝酒蓝莓酒女士低度
酒的味道不错，酒瓶外观不错。,2021/5/8 23:47,星***舟,15649850297,送酒具浙一家花果酒礼盒500ml*6瓶 桂花酒桃花醉桃花酒桃花酿青梅酒柚子酒荔枝酒蓝莓酒女士低度
颜值高，口感好，值得回购。,2021/5/8 19:38,拉***女,15649026533,送酒具浙一家花果酒礼盒500ml*6瓶 桂花酒桃花醉桃花酒桃花酿青梅酒柚子酒荔枝酒蓝莓酒女士低度
很棒，是喜欢的味道，再次回购,2021/5/5 12:14,木***涟,15635727585,送酒具浙一家花果酒礼盒500ml*6瓶 桂花酒桃花醉桃花酒桃花酿青梅酒柚子酒荔枝酒蓝莓酒女士低度
不是很好喝,2021/5/3 19:38,林***久,15629992837,送酒具浙一家花果酒礼盒500ml*6瓶 桂花酒桃花醉桃花酒桃花酿青梅酒柚子酒荔枝酒蓝莓酒女士低度
各种口味，瓶装各种颜色，味道略苦，口感还可以。瓶子也挺精致，喝完了用来插花也可以。,2021/5/2 19:46,a***鱼,15626532448,送酒具浙一家花果酒礼盒500ml*6瓶 桂花酒桃花醉桃花酒桃花酿青梅酒柚子酒荔枝酒蓝莓酒女士低度
收到货看了一眼，惊喜连连，包装非常安全让人放心，瓶子很好看，喝了一口味道不错，只是有一瓶稍稍有点漏，不过已经好点了！(?????,2021/4/30 21:07,梦***芮,15620338840,送酒具浙一家花果酒礼盒500ml*6瓶 桂花酒桃花醉桃花酒桃花酿青梅酒柚子酒荔枝酒蓝莓酒女士低度
颜值太高了 还担心路上会不会露出来或者打碎 没想到包装很完整 很满意的一次购物,2021/4/30 11:02,****5,15618380398,送酒具浙一家花果酒礼盒500ml*6瓶 桂花酒桃花醉桃花酒桃花酿青梅酒柚子酒荔枝酒蓝莓酒女士低度
很不错，还没喝，看着很漂亮,2021/4/29 22:12,木***涟,15617115873,送酒具浙一家花果酒礼盒500ml*6瓶 桂花酒桃花醉桃花酒桃花酿青梅酒柚子酒荔枝酒蓝莓酒女士低度
感觉很不错，就是量有点少！,2021/4/29 14:41,佐***尔,15615515414,送酒具浙一家花果酒礼盒500ml*6瓶 桂花酒桃花醉桃花酒桃花酿青梅酒柚子酒荔枝酒蓝莓酒女士低度
不错,2021/4/29 12:45,****W,15615122864,送酒具浙一家花果酒礼盒500ml*6瓶 桂花酒桃花醉桃花酒桃花酿青梅酒柚子酒荔枝酒蓝莓酒女士低度
味道好，实惠！配送快！,2021/4/28 8:32,深***花,15610421346,送酒具浙一家花果酒礼盒500ml*6瓶 桂花酒桃花醉桃花酒桃花酿青梅酒柚子酒荔枝酒蓝莓酒女士低度
东西已到货，略有瑕疵，已联系客服，客服已处理。,2021/4/27 18:32,清***_,15608821166,送酒具浙一家花果酒礼盒500ml*6瓶 桂花酒桃花醉桃花酒桃花酿青梅酒柚子酒荔枝酒蓝莓酒女士低度
好,2021/4/26 6:10,****u,15602417762,送酒具浙一家花果酒礼盒500ml*6瓶 桂花酒桃花醉桃花酒桃花酿青梅酒柚子酒荔枝酒蓝莓酒女士低度
好,2021/4/26 6:10,****u,15602427522,送酒具浙一家花果酒礼盒500ml*6瓶 桂花酒桃花醉桃花酒桃花酿青梅酒柚子酒荔枝酒蓝莓酒女士低度
第一个接触这个是在杭州，那一次去西塘古镇接触了这个，首当其冲的是被它的香味吸引的，最后在热情老板的推荐了，抱着试一试的态度品尝了一下，品尝了之后真的不得了，一下子就爱上了，而且成为了忠诚的客户，不管自己在哪里，都会时不时的买上一箱，喝完了就继续囤货，非常的不错，因为自己本身酒量就不好，所以这个对自己特别的合适，超级喜欢,2021/4/25 21:02,榆***5,15601661565,送酒具浙一家花果酒礼盒500ml*6瓶 桂花酒桃花醉桃花酒桃花酿青梅酒柚子酒荔枝酒蓝莓酒女士低度
第二次购买了，性价比很高，颜值包装很好看，味道也不错,2021/4/13 16:52,****w,15541448966,送酒具浙一家花果酒礼盒500ml*6瓶 桂花酒桃花醉桃花酒桃花酿青梅酒柚子酒荔枝酒蓝莓酒女士低度
味道一般，有两瓶盖子那里漏水出来,2021/4/12 18:08,不***号,15534605173,送酒具浙一家花果酒礼盒500ml*6瓶 桂花酒桃花醉桃花酒桃花酿青梅酒柚子酒荔枝酒蓝莓酒女士低度
蓝莓味的撒出来了。,2021/4/11 15:49,****6,15526989295,送酒具浙一家花果酒礼盒500ml*6瓶 桂花酒桃花醉桃花酒桃花酿青梅酒柚子酒荔枝酒蓝莓酒女士低度
口味很喜欢 酒精度数不高,2021/4/10 14:46,a***i,15519712577,送酒具浙一家花果酒礼盒500ml*6瓶 桂花酒桃花醉桃花酒桃花酿青梅酒柚子酒荔枝酒蓝莓酒女士低度
还不错,2021/4/10 8:42,9***英,15518491273,送酒具浙一家花果酒礼盒500ml*6瓶 桂花酒桃花醉桃花酒桃花酿青梅酒柚子酒荔枝酒蓝莓酒女士低度
还是青梅酒好喝，其他的一般般吧！,2021/4/9 17:01,****7,15516728070,送酒具浙一家花果酒礼盒500ml*6瓶 桂花酒桃花醉桃花酒桃花酿青梅酒柚子酒荔枝酒蓝莓酒女士低度
宝贝收到，物流很快，描述相符，比较满意，好评，推荐，同事试饮了一杯马上叫我帮买一箱,2021/4/7 18:23,****s,15509810279,送酒具浙一家花果酒礼盒500ml*6瓶 桂花酒桃花醉桃花酒桃花酿青梅酒柚子酒荔枝酒蓝莓酒女士低度
性价比很高，很实惠，使用起来感觉很好，非常完美.^?^.价格非常的美丽，东西还是不错的，会继续回购！全五分！奈斯奈斯～已经收到啦，很不错，还有赠品，性价比太高啦，爱了爱了(?&bull;??&bull;?)??价格超优惠，性能也非常棒，完美的一次购物是正品很好用，价格便宜了很多，性价比超高，真的特别划算，包装也很高端大气上档次，值得购买东西比我想象中的还要完美，十分给力，值得入手,2021/4/5 13:07,没***3,15501050283,送酒具浙一家花果酒礼盒500ml*6瓶 桂花酒桃花醉桃花酒桃花酿青梅酒柚子酒荔枝酒蓝莓酒女士低度
味道不错，包装很好的。,2021/4/4 12:50,岳***辛,15497685137,送酒具浙一家花果酒礼盒500ml*6瓶 桂花酒桃花醉桃花酒桃花酿青梅酒柚子酒荔枝酒蓝莓酒女士低度
打开就尝了点 味道不错 淡淡的清香 不上头 还送了杯子 值得购买。,2021/3/31 23:50,取***的,15484912515,送酒具浙一家花果酒礼盒500ml*6瓶 桂花酒桃花醉桃花酒桃花酿青梅酒柚子酒荔枝酒蓝莓酒女士低度
女儿说好喝,2021/3/31 13:34,****a,15482688417,送酒具浙一家花果酒礼盒500ml*6瓶 桂花酒桃花醉桃花酒桃花酿青梅酒柚子酒荔枝酒蓝莓酒女士低度
味道可以就是盖子设计不是很好？收到货这酒有点流出来。密封性不好。,2021/3/31 13:18,j***黄,15482640474,送酒具浙一家花果酒礼盒500ml*6瓶 桂花酒桃花醉桃花酒桃花酿青梅酒柚子酒荔枝酒蓝莓酒女士低度
很好,2021/3/29 19:33,郭***爱,15476381238,送酒具浙一家花果酒礼盒500ml*6瓶 桂花酒桃花醉桃花酒桃花酿青梅酒柚子酒荔枝酒蓝莓酒女士低度
满意，下次还来。,2021/3/28 22:35,银***妖,15473183149,送酒具浙一家花果酒礼盒500ml*6瓶 桂花酒桃花醉桃花酒桃花酿青梅酒柚子酒荔枝酒蓝莓酒女士低度
收到的酒有5瓶都在漏，密封太差了，咋外包装也是破的，就得口感也不好，直接踩雷了。,2021/3/28 9:41,****4,15470344766,送酒具浙一家花果酒礼盒500ml*6瓶 桂花酒桃花醉桃花酒桃花酿青梅酒柚子酒荔枝酒蓝莓酒女士低度
好喝，比较清冽，就是喜欢的口味没了,2021/3/25 15:16,杨***爹,15460617026,送酒具浙一家花果酒礼盒500ml*6瓶 桂花酒桃花醉桃花酒桃花酿青梅酒柚子酒荔枝酒蓝莓酒女士低度
度数不高，挺好喝的，瓶子也好漂亮，,2021/3/25 10:18,****b,15459534297,送酒具浙一家花果酒礼盒500ml*6瓶 桂花酒桃花醉桃花酒桃花酿青梅酒柚子酒荔枝酒蓝莓酒女士低度
一箱六瓶不同颜色不同口味的酒，喝起来很好喝,2021/3/25 9:07,g***g,15459278748,送酒具浙一家花果酒礼盒500ml*6瓶 桂花酒桃花醉桃花酒桃花酿青梅酒柚子酒荔枝酒蓝莓酒女士低度
味道纯正，包装精美。,2021/3/24 15:48,s***3,15457023212,送酒具浙一家花果酒礼盒500ml*6瓶 桂花酒桃花醉桃花酒桃花酿青梅酒柚子酒荔枝酒蓝莓酒女士低度
宝贝已经收到，物流很快，包装精美，还有赠品，味道还没有品尝，如果好，还会再买。,2021/3/23 17:50,****w,15453746170,送酒具浙一家花果酒礼盒500ml*6瓶 桂花酒桃花醉桃花酒桃花酿青梅酒柚子酒荔枝酒蓝莓酒女士低度
外观设计的非常漂亮，可以当做工艺品收藏了，酒送人的，所以无法评价。,2021/3/22 21:28,有***欢,15450771255,送酒具浙一家花果酒礼盒500ml*6瓶 桂花酒桃花醉桃花酒桃花酿青梅酒柚子酒荔枝酒蓝莓酒女士低度
非常好的一次购物，酒喝起来也非常好。,2021/3/21 17:38,****4,15446136839,送酒具浙一家花果酒礼盒500ml*6瓶 桂花酒桃花醉桃花酒桃花酿青梅酒柚子酒荔枝酒蓝莓酒女士低度
瓶子多少有漏液，反应商家说正常情况，但是一点味道都没有了，跟水一样，希望大家拍酒水这些还是要慎重，因为商家不负责任的。,2021/3/20 21:42,赶***9,15443380474,送酒具浙一家花果酒礼盒500ml*6瓶 桂花酒桃花醉桃花酒桃花酿青梅酒柚子酒荔枝酒蓝莓酒女士低度
味道好不上头。,2021/3/20 19:56,****y,15442996279,送酒具浙一家花果酒礼盒500ml*6瓶 桂花酒桃花醉桃花酒桃花酿青梅酒柚子酒荔枝酒蓝莓酒女士低度
这份酒带我找到了对象，我必须赞一个?,2021/3/20 9:16,天***汉,15440656835,送酒具浙一家花果酒礼盒500ml*6瓶 桂花酒桃花醉桃花酒桃花酿青梅酒柚子酒荔枝酒蓝莓酒女士低度
缺了荔枝味，我去找店小二，别人趾高气昂的说，当时商品页都写的明明白白，潜意识就是怪你自己没看清就下单，平静的口气感受不到一点温度，对比之下就是冷漠了。应该不会回购了！,2021/3/19 20:52,我***手,15439591595,送酒具浙一家花果酒礼盒500ml*6瓶 桂花酒桃花醉桃花酒桃花酿青梅酒柚子酒荔枝酒蓝莓酒女士低度
好喝不上头好入口,2021/3/19 14:00,****z,15438111873,送酒具浙一家花果酒礼盒500ml*6瓶 桂花酒桃花醉桃花酒桃花酿青梅酒柚子酒荔枝酒蓝莓酒女士低度
老顾客了，一直各种颜色搭配。现在是瞎配，黄色没有一瓶，红色单色一大堆,2021/3/19 11:19,****g,15437538020,送酒具浙一家花果酒礼盒500ml*6瓶 桂花酒桃花醉桃花酒桃花酿青梅酒柚子酒荔枝酒蓝莓酒女士低度
好喝，发货快，包装严实，商品质量非常好，比专柜便宜很多，客服服务态度也特别好，好评,2021/3/17 18:00,z***M,15431479029,送酒具浙一家花果酒礼盒500ml*6瓶 桂花酒桃花醉桃花酒桃花酿青梅酒柚子酒荔枝酒蓝莓酒女士低度
还没喝，喝了再来评价，洒瓶好看,2021/3/17 10:59,****x,15429916402,送酒具浙一家花果酒礼盒500ml*6瓶 桂花酒桃花醉桃花酒桃花酿青梅酒柚子酒荔枝酒蓝莓酒女士低度
过年时候买了一箱，里面有六种味道，十分好看。在冰箱里冰镇之后口感更好了一点，不会觉得酒味儿特别大，特别适合女生喝的。还会回购。,2021/3/16 18:42,d***i,15427858634,送酒具浙一家花果酒礼盒500ml*6瓶 桂花酒桃花醉桃花酒桃花酿青梅酒柚子酒荔枝酒蓝莓酒女士低度
过年没有回家给父母买的，包装很完美度数不高。,2021/3/15 19:36,t***2,15424186719,送酒具浙一家花果酒礼盒500ml*6瓶 桂花酒桃花醉桃花酒桃花酿青梅酒柚子酒荔枝酒蓝莓酒女士低度
颜值特别高，还赠送了两个酒杯和一个分酒器，颜值也是高的不得了。,2021/3/15 17:34,z***n,15423735084,送酒具浙一家花果酒礼盒500ml*6瓶 桂花酒桃花醉桃花酒桃花酿青梅酒柚子酒荔枝酒蓝莓酒女士低度
京东是我的购物首选，特别自营产品，时间有保障，质量没问题,2021/3/15 17:15,奔***肉,15423670514,送酒具浙一家花果酒礼盒500ml*6瓶 桂花酒桃花醉桃花酒桃花酿青梅酒柚子酒荔枝酒蓝莓酒女士低度
花果酒很好喝，不醉人,2021/3/15 9:42,m***1,15421868058,送酒具浙一家花果酒礼盒500ml*6瓶 桂花酒桃花醉桃花酒桃花酿青梅酒柚子酒荔枝酒蓝莓酒女士低度
味道跟Rio差不多，淡淡的果香，瓶子真的好看,2021/3/14 15:38,s***h,15419460374,送酒具浙一家花果酒礼盒500ml*6瓶 桂花酒桃花醉桃花酒桃花酿青梅酒柚子酒荔枝酒蓝莓酒女士低度
买了几次了，各种味道各有特色。,2021/3/13 17:53,c***8,15416347493,送酒具浙一家花果酒礼盒500ml*6瓶 桂花酒桃花醉桃花酒桃花酿青梅酒柚子酒荔枝酒蓝莓酒女士低度
口味很一般，只能算口感清爽的饮品，桂花口味的挺失望，只能说店家送的酒具还算用心。,2021/3/13 11:20,贝***泾,15414932062,送酒具浙一家花果酒礼盒500ml*6瓶 桂花酒桃花醉桃花酒桃花酿青梅酒柚子酒荔枝酒蓝莓酒女士低度
酒的口味还行，没什么度数,2021/3/12 8:36,z***0,15410657672,送酒具浙一家花果酒礼盒500ml*6瓶 桂花酒桃花醉桃花酒桃花酿青梅酒柚子酒荔枝酒蓝莓酒女士低度
宝贝收到了，包装很结实，应该是个好东西，先给好评了趁着优惠，赶紧入手，是正品，包装也非常的好，没有破损，质量也是没得说，棒?实物与描述的一样，质量相当好，卖家态度也好，有问必答，发货速度杠杠的，值得购买哦宝贝收到了，太惊喜了，质量非常好，性价比很高，真是出乎我的意料！,2021/3/11 23:21,浑***瘦,15410144672,送酒具浙一家花果酒礼盒500ml*6瓶 桂花酒桃花醉桃花酒桃花酿青梅酒柚子酒荔枝酒蓝莓酒女士低度
好,2021/3/11 9:20,****i,15406872054,送酒具浙一家花果酒礼盒500ml*6瓶 桂花酒桃花醉桃花酒桃花酿青梅酒柚子酒荔枝酒蓝莓酒女士低度
买了一箱，物流非常快，东西到了里面还送了杯子，这包装的真好看，每种口味各一瓶，非常喜欢这瓶子。味道也很好。,2021/3/11 1:16,****h,15406365429,送酒具浙一家花果酒礼盒500ml*6瓶 桂花酒桃花醉桃花酒桃花酿青梅酒柚子酒荔枝酒蓝莓酒女士低度
味道还不错?,2021/3/10 17:33,****手,15404855693,送酒具浙一家花果酒礼盒500ml*6瓶 桂花酒桃花醉桃花酒桃花酿青梅酒柚子酒荔枝酒蓝莓酒女士低度
到挺及r，包b大猓味道正，非常不e,2021/3/10 13:18,****i,15403830503,送酒具浙一家花果酒礼盒500ml*6瓶 桂花酒桃花醉桃花酒桃花酿青梅酒柚子酒荔枝酒蓝莓酒女士低度
快递慢了，其它还行,2021/3/10 8:13,等***3,15402618711,送酒具浙一家花果酒礼盒500ml*6瓶 桂花酒桃花醉桃花酒桃花酿青梅酒柚子酒荔枝酒蓝莓酒女士低度
第一次买，小孩子比较喜欢喝一丁点,2021/3/10 7:38,l***e,15402540623,送酒具浙一家花果酒礼盒500ml*6瓶 桂花酒桃花醉桃花酒桃花酿青梅酒柚子酒荔枝酒蓝莓酒女士低度
好香的酒呀，瓶子也很漂亮，喜欢,2021/3/9 20:41,****b,15401476276,送酒具浙一家花果酒礼盒500ml*6瓶 桂花酒桃花醉桃花酒桃花酿青梅酒柚子酒荔枝酒蓝莓酒女士低度
宝贝已收到?，超级喜欢，颜值高又实用，超级喜欢！???到手就喝完了,2021/3/9 19:47,c***9,15401241202,送酒具浙一家花果酒礼盒500ml*6瓶 桂花酒桃花醉桃花酒桃花酿青梅酒柚子酒荔枝酒蓝莓酒女士低度
每个口味都好喝，喜欢，会再买,2021/3/9 13:28,l***3,15399675920,送酒具浙一家花果酒礼盒500ml*6瓶 桂花酒桃花醉桃花酒桃花酿青梅酒柚子酒荔枝酒蓝莓酒女士低度
不是想象的味道,2021/3/9 10:53,柠***苹,15398984489,送酒具浙一家花果酒礼盒500ml*6瓶 桂花酒桃花醉桃花酒桃花酿青梅酒柚子酒荔枝酒蓝莓酒女士低度
还不错，希望优惠多多，，，,2021/3/9 7:25,神***友,15398259499,送酒具浙一家花果酒礼盒500ml*6瓶 桂花酒桃花醉桃花酒桃花酿青梅酒柚子酒荔枝酒蓝莓酒女士低度
还行吧,2021/3/8 16:50,请***话,15396334606,送酒具浙一家花果酒礼盒500ml*6瓶 桂花酒桃花醉桃花酒桃花酿青梅酒柚子酒荔枝酒蓝莓酒女士低度
粉粉嫩嫩，因为瓶子买了它，果真不失望，丢丢酒精味,2021/3/8 8:28,****g,15394356933,送酒具浙一家花果酒礼盒500ml*6瓶 桂花酒桃花醉桃花酒桃花酿青梅酒柚子酒荔枝酒蓝莓酒女士低度
为了这个瓶子买的，六瓶味道都是一样，喝不出口味的区分，喝起来不错。,2021/3/7 23:02,坨***萌,15393791446,送酒具浙一家花果酒礼盒500ml*6瓶 桂花酒桃花醉桃花酒桃花酿青梅酒柚子酒荔枝酒蓝莓酒女士低度
还可以吧，多口味，包装也还行,2021/3/7 17:19,****动,15392457823,送酒具浙一家花果酒礼盒500ml*6瓶 桂花酒桃花醉桃花酒桃花酿青梅酒柚子酒荔枝酒蓝莓酒女士低度
"嗯当天到货就已经喝了四瓶,然后味道很不错,尤其是那个荔枝的味道,特别甜,特别纯,而且说没有酒味,然后那个酒精度数并不是很高,也特别适合那些量不行的,或者一些女孩子来喝这个酒的嗯,在京东嗯,打折期间购买的,然后力度很大,很值得购买的,而且类似的有小酒,还有开瓶器期权,商家很好,很棒,请大家值得购买哟",2021/3/6 22:53,无***6,15389835683,送酒具浙一家花果酒礼盒500ml*6瓶 桂花酒桃花醉桃花酒桃花酿青梅酒柚子酒荔枝酒蓝莓酒女士低度
口味重复，其它还好,2021/3/6 21:59,****a,15389646651,送酒具浙一家花果酒礼盒500ml*6瓶 桂花酒桃花醉桃花酒桃花酿青梅酒柚子酒荔枝酒蓝莓酒女士低度
酒瓶非常好看，可以当艺术品了。,2021/3/6 20:50,有***欢,15389379110,送酒具浙一家花果酒礼盒500ml*6瓶 桂花酒桃花醉桃花酒桃花酿青梅酒柚子酒荔枝酒蓝莓酒女士低度
好喝，喜欢，送礼好东西,2021/3/6 15:37,l***2,15388106761,送酒具浙一家花果酒礼盒500ml*6瓶 桂花酒桃花醉桃花酒桃花酿青梅酒柚子酒荔枝酒蓝莓酒女士低度
已经喝完了，挺不错的，还有送的小杯子,2021/3/6 12:30,风***1,15387355117,送酒具浙一家花果酒礼盒500ml*6瓶 桂花酒桃花醉桃花酒桃花酿青梅酒柚子酒荔枝酒蓝莓酒女士低度
酒的味道不错，主要我老婆他们多少得喝点意思意思,2021/3/5 22:28,刘***安,15385798389,送酒具浙一家花果酒礼盒500ml*6瓶 桂花酒桃花醉桃花酒桃花酿青梅酒柚子酒荔枝酒蓝莓酒女士低度
还行吧，价格不贵，喝着也还可以。女性朋友还挺喜欢的！让我再给她买点！,2021/3/5 11:50,烟***s,15383329482,送酒具浙一家花果酒礼盒500ml*6瓶 桂花酒桃花醉桃花酒桃花酿青梅酒柚子酒荔枝酒蓝莓酒女士低度
此用户未填写评价内容,2021/3/5 10:23,s***s,15382954228,送酒具浙一家花果酒礼盒500ml*6瓶 桂花酒桃花醉桃花酒桃花酿青梅酒柚子酒荔枝酒蓝莓酒女士低度
味道不错，度数也小，可以当饮料喝。,2021/3/4 10:24,永***4,15378808763,送酒具浙一家花果酒礼盒500ml*6瓶 桂花酒桃花醉桃花酒桃花酿青梅酒柚子酒荔枝酒蓝莓酒女士低度
包装的很严实，挺好喝的，还送了两个小杯子！,2021/3/3 22:08,因***漪,15377621179,送酒具浙一家花果酒礼盒500ml*6瓶 桂花酒桃花醉桃花酒桃花酿青梅酒柚子酒荔枝酒蓝莓酒女士低度
味道不错，果味较浓郁,2021/3/3 15:26,1***m,15375886151,送酒具浙一家花果酒礼盒500ml*6瓶 桂花酒桃花醉桃花酒桃花酿青梅酒柚子酒荔枝酒蓝莓酒女士低度
刚刚那条说了，木塞太少，有点漏了出来,2021/3/3 14:47,****m,15375724527,送酒具浙一家花果酒礼盒500ml*6瓶 桂花酒桃花醉桃花酒桃花酿青梅酒柚子酒荔枝酒蓝莓酒女士低度
前后购买两次，可能是店家的木塞比较浅，第一次的有两瓶有点漏出来了，影响不大就没找店家，第二次一个完全烂了，店家现在还没赔给我，生活不易，不贵，不给差评，希望店家重视，木塞可以买长一点点的，注重承诺顾客的反馈,2021/3/3 14:43,****m,15375713895,送酒具浙一家花果酒礼盒500ml*6瓶 桂花酒桃花醉桃花酒桃花酿青梅酒柚子酒荔枝酒蓝莓酒女士低度
过年送我妈的小礼物，果酒包装很好看，酒的度数很低，水果味很足，很适合女性喝,2021/3/3 11:42,T***5,15374980036,送酒具浙一家花果酒礼盒500ml*6瓶 桂花酒桃花醉桃花酒桃花酿青梅酒柚子酒荔枝酒蓝莓酒女士低度
很好！很不错！很完美的一次购物体验！一直都很相信京东！确实很好！从咨询到下单到发货收货到品尝都很好！我最喜欢的是这个酒瓶的造型！很好！推荐！,2021/3/2 20:12,贪***宇,15371586465,送酒具浙一家花果酒礼盒500ml*6瓶 桂花酒桃花醉桃花酒桃花酿青梅酒柚子酒荔枝酒蓝莓酒女士低度
挺好的,2021/3/2 10:59,J***w,15369453178,送酒具浙一家花果酒礼盒500ml*6瓶 桂花酒桃花醉桃花酒桃花酿青梅酒柚子酒荔枝酒蓝莓酒女士低度
酒很好喝，很喜欢。喝完再买一箱,2021/3/2 8:48,J***0,15368957028,送酒具浙一家花果酒礼盒500ml*6瓶 桂花酒桃花醉桃花酒桃花酿青梅酒柚子酒荔枝酒蓝莓酒女士低度
挺好喝，酒味儿也很浓！不错，以后还会在买的！,2021/3/1 19:24,****s,15367524774,送酒具浙一家花果酒礼盒500ml*6瓶 桂花酒桃花醉桃花酒桃花酿青梅酒柚子酒荔枝酒蓝莓酒女士低度
很喜欢，适合不会喝酒的人,2021/2/28 22:47,w***3,15364444647,送酒具浙一家花果酒礼盒500ml*6瓶 桂花酒桃花醉桃花酒桃花酿青梅酒柚子酒荔枝酒蓝莓酒女士低度
送货速度快！回来还没有舍得喝！,2021/2/28 18:00,j***a,15363374448,送酒具浙一家花果酒礼盒500ml*6瓶 桂花酒桃花醉桃花酒桃花酿青梅酒柚子酒荔枝酒蓝莓酒女士低度
还可以，瓶子我很喜欢。很漂亮,2021/2/27 16:26,****d,15359343325,送酒具浙一家花果酒礼盒500ml*6瓶 桂花酒桃花醉桃花酒桃花酿青梅酒柚子酒荔枝酒蓝莓酒女士低度
感觉一般吧,2021/2/26 9:54,****D,15354336449,送酒具浙一家花果酒礼盒500ml*6瓶 桂花酒桃花醉桃花酒桃花酿青梅酒柚子酒荔枝酒蓝莓酒女士低度
买了好几次了，酒的味道不错，瓶子包装也很精美口感不错，对不喝白酒的人，非常友好,2021/2/26 9:40,恶***刃,15354286132,送酒具浙一家花果酒礼盒500ml*6瓶 桂花酒桃花醉桃花酒桃花酿青梅酒柚子酒荔枝酒蓝莓酒女士低度
蛮好喝的，但是酒量不行，喝不了多少,2021/2/26 6:47,执***枫,15353886268,送酒具浙一家花果酒礼盒500ml*6瓶 桂花酒桃花醉桃花酒桃花酿青梅酒柚子酒荔枝酒蓝莓酒女士低度
味道不错，好喝。还会买的，外观漂亮,2021/2/26 6:36,****x,15353874580,送酒具浙一家花果酒礼盒500ml*6瓶 桂花酒桃花醉桃花酒桃花酿青梅酒柚子酒荔枝酒蓝莓酒女士低度
酒的包装很漂亮，感觉不是原汁，有点甜。,2021/2/25 22:13,s***i,15353399529,送酒具浙一家花果酒礼盒500ml*6瓶 桂花酒桃花醉桃花酒桃花酿青梅酒柚子酒荔枝酒蓝莓酒女士低度
颜值高，已经喝了两瓶，但是刚才发现一个问题，我的六瓶只有4种口味，是发错了吗？青梅蓝莓各两瓶，为什么看人家是6种不同的？,2021/2/24 10:28,蔡***c,15346447193,送酒具浙一家花果酒礼盒500ml*6瓶 桂花酒桃花醉桃花酒桃花酿青梅酒柚子酒荔枝酒蓝莓酒女士低度
不错，很精致，超喜欢，去过云南，好喝,2021/2/24 10:19,h***3,15346409930,送酒具浙一家花果酒礼盒500ml*6瓶 桂花酒桃花醉桃花酒桃花酿青梅酒柚子酒荔枝酒蓝莓酒女士低度
好喝，好看，老师喜欢,2021/2/23 0:18,****8,15341918128,送酒具浙一家花果酒礼盒500ml*6瓶 桂花酒桃花醉桃花酒桃花酿青梅酒柚子酒荔枝酒蓝莓酒女士低度
很漂亮的果酒，各种口味齐全非常好，也很好喝，酒味有一点，偏甜些，本人喜欢喝。易碎品，但包装很完整，也没有破损，还有保温箱，没冻。,2021/2/21 20:04,叶***2,15337842225,送酒具浙一家花果酒礼盒500ml*6瓶 桂花酒桃花醉桃花酒桃花酿青梅酒柚子酒荔枝酒蓝莓酒女士低度
酒的香度还是可以，不足的是口味的浓度不够，除了第一口的味道不错，之后就比较平淡了,2021/2/21 16:31,D***o,15337173113,送酒具浙一家花果酒礼盒500ml*6瓶 桂花酒桃花醉桃花酒桃花酿青梅酒柚子酒荔枝酒蓝莓酒女士低度
第一次买，挺好看的。,2021/2/21 14:13,_***_,15336745386,送酒具浙一家花果酒礼盒500ml*6瓶 桂花酒桃花醉桃花酒桃花酿青梅酒柚子酒荔枝酒蓝莓酒女士低度
与想象中的期待一样，不错,2021/2/21 11:47,****k,15336299070,送酒具浙一家花果酒礼盒500ml*6瓶 桂花酒桃花醉桃花酒桃花酿青梅酒柚子酒荔枝酒蓝莓酒女士低度
不错&hellip;&hellip;,2021/2/21 10:00,l***2,15335939212,送酒具浙一家花果酒礼盒500ml*6瓶 桂花酒桃花醉桃花酒桃花酿青梅酒柚子酒荔枝酒蓝莓酒女士低度
很好喝的！,2021/2/21 8:38,****w,15335716125,送酒具浙一家花果酒礼盒500ml*6瓶 桂花酒桃花醉桃花酒桃花酿青梅酒柚子酒荔枝酒蓝莓酒女士低度
酒很好喝，各种口味的，店家还送了小酒杯?,2021/2/20 11:47,****c,15333240679,送酒具浙一家花果酒礼盒500ml*6瓶 桂花酒桃花醉桃花酒桃花酿青梅酒柚子酒荔枝酒蓝莓酒女士低度
?＼&nbsp;?(???)?&nbsp;/／?加油啊喂,2021/2/20 9:08,十***逸,15332699918,送酒具浙一家花果酒礼盒500ml*6瓶 桂花酒桃花醉桃花酒桃花酿青梅酒柚子酒荔枝酒蓝莓酒女士低度
完美，，好喝，果子的清香,2021/2/20 1:22,l***9,15332385260,送酒具浙一家花果酒礼盒500ml*6瓶 桂花酒桃花醉桃花酒桃花酿青梅酒柚子酒荔枝酒蓝莓酒女士低度
太好看了啊～好喜欢这个罐罐，喝起来也好喝，还送了小酒杯，好看！超级满意的网购,2021/2/19 20:03,****0,15331722984,送酒具浙一家花果酒礼盒500ml*6瓶 桂花酒桃花醉桃花酒桃花酿青梅酒柚子酒荔枝酒蓝莓酒女士低度
口感很好，家庭聚会必备，女士喝对身体有好处,2021/2/19 18:06,****4,15331413197,送酒具浙一家花果酒礼盒500ml*6瓶 桂花酒桃花醉桃花酒桃花酿青梅酒柚子酒荔枝酒蓝莓酒女士低度
过年送给丈人的，没怎么喝过，喝了一口的水蜜桃味，很不错，清淡纯厚，没有杂味，口感很适合小资生活的女孩喝，很不错，推荐，以后还会购买的。,2021/2/19 13:21,****1,15330589978,送酒具浙一家花果酒礼盒500ml*6瓶 桂花酒桃花醉桃花酒桃花酿青梅酒柚子酒荔枝酒蓝莓酒女士低度
非常好喝  口感很棒  而且没什么度数,2021/2/18 22:11,1***w,15329214002,送酒具浙一家花果酒礼盒500ml*6瓶 桂花酒桃花醉桃花酒桃花酿青梅酒柚子酒荔枝酒蓝莓酒女士低度
东西不错，味道挺纯正。,2021/2/18 17:43,****9,15328538363,送酒具浙一家花果酒礼盒500ml*6瓶 桂花酒桃花醉桃花酒桃花酿青梅酒柚子酒荔枝酒蓝莓酒女士低度
淡淡的桃花?香，假期在家细细品味，美不胜收！,2021/2/18 11:37,****x,15327520775,送酒具浙一家花果酒礼盒500ml*6瓶 桂花酒桃花醉桃花酒桃花酿青梅酒柚子酒荔枝酒蓝莓酒女士低度
口感涩涩的,2021/2/18 3:25,辰***芭,15326799333,送酒具浙一家花果酒礼盒500ml*6瓶 桂花酒桃花醉桃花酒桃花酿青梅酒柚子酒荔枝酒蓝莓酒女士低度
不错，朋友比较喜欢！,2021/2/18 0:02,****n,15326700789,送酒具浙一家花果酒礼盒500ml*6瓶 桂花酒桃花醉桃花酒桃花酿青梅酒柚子酒荔枝酒蓝莓酒女士低度
可以,2021/2/17 18:18,****g,15325953263,送酒具浙一家花果酒礼盒500ml*6瓶 桂花酒桃花醉桃花酒桃花酿青梅酒柚子酒荔枝酒蓝莓酒女士低度
口感不错，包装精美，还送了杯子,2021/2/17 17:34,p***d,15325852460,送酒具浙一家花果酒礼盒500ml*6瓶 桂花酒桃花醉桃花酒桃花酿青梅酒柚子酒荔枝酒蓝莓酒女士低度
挺好喝的，不过不知道是不是因为它，喝完第二天头疼,2021/2/17 17:32,****7,15325852092,送酒具浙一家花果酒礼盒500ml*6瓶 桂花酒桃花醉桃花酒桃花酿青梅酒柚子酒荔枝酒蓝莓酒女士低度
"#果酒
酒精度很低，就是饮料，适合不喝酒的人来喝，味道还是不错的",2021/2/17 10:40,涌***人,15324849005,送酒具浙一家花果酒礼盒500ml*6瓶 桂花酒桃花醉桃花酒桃花酿青梅酒柚子酒荔枝酒蓝莓酒女士低度
就是快递收件的时候还要额外收费有点无语,2021/2/17 10:21,s***柒,15324797277,送酒具浙一家花果酒礼盒500ml*6瓶 桂花酒桃花醉桃花酒桃花酿青梅酒柚子酒荔枝酒蓝莓酒女士低度
感觉一般,2021/2/16 14:22,徐***淼,15323072801,送酒具浙一家花果酒礼盒500ml*6瓶 桂花酒桃花醉桃花酒桃花酿青梅酒柚子酒荔枝酒蓝莓酒女士低度
味道一般吧，价格比超市便宜。,2021/2/15 19:30,****d,15321578784,送酒具浙一家花果酒礼盒500ml*6瓶 桂花酒桃花醉桃花酒桃花酿青梅酒柚子酒荔枝酒蓝莓酒女士低度
很不错，还没喝，看着挺好的。包装精美。,2021/2/15 15:44,善***珠,15321136918,送酒具浙一家花果酒礼盒500ml*6瓶 桂花酒桃花醉桃花酒桃花酿青梅酒柚子酒荔枝酒蓝莓酒女士低度
米酒，甜甜的口感不错,2021/2/13 11:24,我***子,15317386812,送酒具浙一家花果酒礼盒500ml*6瓶 桂花酒桃花醉桃花酒桃花酿青梅酒柚子酒荔枝酒蓝莓酒女士低度
一箱六瓶酒，就只挑了这一瓶拍，主要是懒得摆，不过酒瓶都一样，根据口味不同颜色也不同，酒的颜色也淡淡的有股水果的味道，非常好喝。,2021/2/12 11:52,t***i,15315976365,送酒具浙一家花果酒礼盒500ml*6瓶 桂花酒桃花醉桃花酒桃花酿青梅酒柚子酒荔枝酒蓝莓酒女士低度
花果酒度数低，口感好，气味香，非常适合酒量小的我们,2021/2/12 10:38,J***1,15315874829,送酒具浙一家花果酒礼盒500ml*6瓶 桂花酒桃花醉桃花酒桃花酿青梅酒柚子酒荔枝酒蓝莓酒女士低度
好难喝，差别太大了,2021/2/11 19:50,小***斑,15315272837,送酒具浙一家花果酒礼盒500ml*6瓶 桂花酒桃花醉桃花酒桃花酿青梅酒柚子酒荔枝酒蓝莓酒女士低度
京东的服务真的没话说，大多数产品有保证。,2021/2/11 1:21,****2,15314118783,送酒具浙一家花果酒礼盒500ml*6瓶 桂花酒桃花醉桃花酒桃花酿青梅酒柚子酒荔枝酒蓝莓酒女士低度
买给妈妈喝的她说挺好的，不过妈妈喜欢喝酒，她说这个她喝不惯,2021/2/11 1:12,周***妮,15314109519,送酒具浙一家花果酒礼盒500ml*6瓶 桂花酒桃花醉桃花酒桃花酿青梅酒柚子酒荔枝酒蓝莓酒女士低度
瓶子蛮漂亮的 正常味道 甜度偏重,2021/2/10 19:59,N***e,15313492750,送酒具浙一家花果酒礼盒500ml*6瓶 桂花酒桃花醉桃花酒桃花酿青梅酒柚子酒荔枝酒蓝莓酒女士低度
挺好喝的，送的杯子也很漂亮，不错不错。。。,2021/2/10 14:03,快***4,15312651487,送酒具浙一家花果酒礼盒500ml*6瓶 桂花酒桃花醉桃花酒桃花酿青梅酒柚子酒荔枝酒蓝莓酒女士低度
有点小贵，挺好喝的，下次回^_^会考虑购买，还送杯子,2021/2/10 10:41,****e,15312130968,送酒具浙一家花果酒礼盒500ml*6瓶 桂花酒桃花醉桃花酒桃花酿青梅酒柚子酒荔枝酒蓝莓酒女士低度
刚开了一瓶，非常好喝，还会回购的,2021/2/9 23:43,I***S,15311434019,送酒具浙一家花果酒礼盒500ml*6瓶 桂花酒桃花醉桃花酒桃花酿青梅酒柚子酒荔枝酒蓝莓酒女士低度
感觉还不错吧?,2021/2/9 21:00,w***C,15310988193,送酒具浙一家花果酒礼盒500ml*6瓶 桂花酒桃花醉桃花酒桃花酿青梅酒柚子酒荔枝酒蓝莓酒女士低度
甜甜的，喝着像饮料，挺喜欢的。就是封口处那个塑料纸不好抠,2021/2/9 20:39,****刘,15310929586,送酒具浙一家花果酒礼盒500ml*6瓶 桂花酒桃花醉桃花酒桃花酿青梅酒柚子酒荔枝酒蓝莓酒女士低度
收到了，包装好漂亮，味道也很香，适合女孩子门喝,2021/2/9 14:40,杨***2,15309871471,送酒具浙一家花果酒礼盒500ml*6瓶 桂花酒桃花醉桃花酒桃花酿青梅酒柚子酒荔枝酒蓝莓酒女士低度
还好,2021/2/9 12:58,缘***9,15309570843,送酒具浙一家花果酒礼盒500ml*6瓶 桂花酒桃花醉桃花酒桃花酿青梅酒柚子酒荔枝酒蓝莓酒女士低度
好喝，还是有点上头&hellip;&hellip;,2021/2/9 12:27,天***8,15309482865,送酒具浙一家花果酒礼盒500ml*6瓶 桂花酒桃花醉桃花酒桃花酿青梅酒柚子酒荔枝酒蓝莓酒女士低度
除了快递慢，其他都很棒,2021/2/9 11:40,余***待,15309336392,送酒具浙一家花果酒礼盒500ml*6瓶 桂花酒桃花醉桃花酒桃花酿青梅酒柚子酒荔枝酒蓝莓酒女士低度
好看更好喝！,2021/2/8 19:20,****c,15307496138,送酒具浙一家花果酒礼盒500ml*6瓶 桂花酒桃花醉桃花酒桃花酿青梅酒柚子酒荔枝酒蓝莓酒女士低度
东西看包装还可以，还没喝，喝了再评。,2021/2/8 12:28,逍***枪,15306141168,送酒具浙一家花果酒礼盒500ml*6瓶 桂花酒桃花醉桃花酒桃花酿青梅酒柚子酒荔枝酒蓝莓酒女士低度
好评~卖家态度好，样子很好看~,2021/2/8 11:15,焱***其,15305881388,送酒具浙一家花果酒礼盒500ml*6瓶 桂花酒桃花醉桃花酒桃花酿青梅酒柚子酒荔枝酒蓝莓酒女士低度
"与期望相差甚远&hellip;&hellip;&hellip;&hellip;&hellip;&hellip;早知道就行购一瓶好了

这一箱不知道要怎么办呢！",2021/2/7 19:01,K***8,15303676329,送酒具浙一家花果酒礼盒500ml*6瓶 桂花酒桃花醉桃花酒桃花酿青梅酒柚子酒荔枝酒蓝莓酒女士低度
度数太高，喝着上头，喝了喝多牌子的梅酒，你家的喝完头痛，整的我都不敢喝了,2021/2/7 16:54,****O,15303230143,送酒具浙一家花果酒礼盒500ml*6瓶 桂花酒桃花醉桃花酒桃花酿青梅酒柚子酒荔枝酒蓝莓酒女士低度
瓶子好看，酒还没喝，看着颜值就很高,2021/2/7 12:05,平***苹,15302181095,送酒具浙一家花果酒礼盒500ml*6瓶 桂花酒桃花醉桃花酒桃花酿青梅酒柚子酒荔枝酒蓝莓酒女士低度
东西还不错，看着可以。,2021/2/6 21:27,****s,15300482317,送酒具浙一家花果酒礼盒500ml*6瓶 桂花酒桃花醉桃花酒桃花酿青梅酒柚子酒荔枝酒蓝莓酒女士低度
我的妈，颜值好高，包装的也很用心，还送了酒具，六种口味，爱了爱了,2021/2/6 19:01,s***e,15299921708,送酒具浙一家花果酒礼盒500ml*6瓶 桂花酒桃花醉桃花酒桃花酿青梅酒柚子酒荔枝酒蓝莓酒女士低度
差评，事先不说明会缺货，买了才发现少一种，狡辩,2021/2/6 10:16,****z,15298002736,送酒具浙一家花果酒礼盒500ml*6瓶 桂花酒桃花醉桃花酒桃花酿青梅酒柚子酒荔枝酒蓝莓酒女士低度
酒味淡了些,2021/2/5 23:29,t***2,15297182888,送酒具浙一家花果酒礼盒500ml*6瓶 桂花酒桃花醉桃花酒桃花酿青梅酒柚子酒荔枝酒蓝莓酒女士低度
不知道喝不，等喝了在评论,2021/2/5 21:59,s***f,15296894346,送酒具浙一家花果酒礼盒500ml*6瓶 桂花酒桃花醉桃花酒桃花酿青梅酒柚子酒荔枝酒蓝莓酒女士低度
习惯性好评，还没尝试,2021/2/5 14:25,金***具,15295163005,送酒具浙一家花果酒礼盒500ml*6瓶 桂花酒桃花醉桃花酒桃花酿青梅酒柚子酒荔枝酒蓝莓酒女士低度
没有喝，习惯好评好评好评好评,2021/2/5 12:36,n***g,15294738781,送酒具浙一家花果酒礼盒500ml*6瓶 桂花酒桃花醉桃花酒桃花酿青梅酒柚子酒荔枝酒蓝莓酒女士低度
包装精美，设计时尚，非常推荐,2021/2/5 10:14,****k,15294164043,送酒具浙一家花果酒礼盒500ml*6瓶 桂花酒桃花醉桃花酒桃花酿青梅酒柚子酒荔枝酒蓝莓酒女士低度
还不错，就是有点小贵，味道不怎样,2021/2/5 6:38,****趣,15293604102,送酒具浙一家花果酒礼盒500ml*6瓶 桂花酒桃花醉桃花酒桃花酿青梅酒柚子酒荔枝酒蓝莓酒女士低度
里边东西摔坏了,2021/2/4 23:25,****6,15293165680,送酒具浙一家花果酒礼盒500ml*6瓶 桂花酒桃花醉桃花酒桃花酿青梅酒柚子酒荔枝酒蓝莓酒女士低度
比较适合女孩子喝的酒品，味道还好,2021/2/4 12:13,流***安,15290511114,送酒具浙一家花果酒礼盒500ml*6瓶 桂花酒桃花醉桃花酒桃花酿青梅酒柚子酒荔枝酒蓝莓酒女士低度
很精致，质量非常好，很满意的一次购物。谢谢店家！?是正品，跟商店里买的是一样的，在这网购方便快捷，品质放心，还会光顾！.^?^.,2021/2/4 8:42,p***6,15289676707,送酒具浙一家花果酒礼盒500ml*6瓶 桂花酒桃花醉桃花酒桃花酿青梅酒柚子酒荔枝酒蓝莓酒女士低度
味道差极了,2021/2/3 14:07,****m,15286827769,送酒具浙一家花果酒礼盒500ml*6瓶 桂花酒桃花醉桃花酒桃花酿青梅酒柚子酒荔枝酒蓝莓酒女士低度
与宣传一致。过年才喝，不知道什么味道呢。这款米酒希望以后不要用浓缩汁调。浓缩汁都是添加剂勾兑出来的。,2021/2/2 13:33,****s,15282388835,送酒具浙一家花果酒礼盒500ml*6瓶 桂花酒桃花醉桃花酒桃花酿青梅酒柚子酒荔枝酒蓝莓酒女士低度
看着就不错,2021/2/2 8:37,****5,15281152639,送酒具浙一家花果酒礼盒500ml*6瓶 桂花酒桃花醉桃花酒桃花酿青梅酒柚子酒荔枝酒蓝莓酒女士低度
酒瓶造型可爱，彩色活泼生动，赞！摆放在酒柜很抢眼。,2021/2/1 20:49,B***I,15279866953,送酒具浙一家花果酒礼盒500ml*6瓶 桂花酒桃花醉桃花酒桃花酿青梅酒柚子酒荔枝酒蓝莓酒女士低度
喜欢这种瓶子和果酒淡淡的香味，喝了好多瓶了，很喜欢,2021/2/1 18:53,****8,15279314719,送酒具浙一家花果酒礼盒500ml*6瓶 桂花酒桃花醉桃花酒桃花酿青梅酒柚子酒荔枝酒蓝莓酒女士低度
6瓶5瓶好的一瓶裂开了,2021/2/1 18:07,H***6,15279116388,送酒具浙一家花果酒礼盒500ml*6瓶 桂花酒桃花醉桃花酒桃花酿青梅酒柚子酒荔枝酒蓝莓酒女士低度
颜值很高，价格也比较实惠，不知道味道怎么样,2021/2/1 13:37,省***4,15277903635,送酒具浙一家花果酒礼盒500ml*6瓶 桂花酒桃花醉桃花酒桃花酿青梅酒柚子酒荔枝酒蓝莓酒女士低度
还没开始喝，包装很漂亮,2021/2/1 12:57,****n,15277721249,送酒具浙一家花果酒礼盒500ml*6瓶 桂花酒桃花醉桃花酒桃花酿青梅酒柚子酒荔枝酒蓝莓酒女士低度
假死了喝完头疼，一股工业酒精的气味，味道也第一样的工业酒精味,2021/1/31 18:35,****5,15274737156,送酒具浙一家花果酒礼盒500ml*6瓶 桂花酒桃花醉桃花酒桃花酿青梅酒柚子酒荔枝酒蓝莓酒女士低度
很M意,2021/1/31 15:17,川***1,15273875565,送酒具浙一家花果酒礼盒500ml*6瓶 桂花酒桃花醉桃花酒桃花酿青梅酒柚子酒荔枝酒蓝莓酒女士低度
这一款果酒物美价廉，口感非常棒。,2021/1/31 8:44,一***景,15272242540,送酒具浙一家花果酒礼盒500ml*6瓶 桂花酒桃花醉桃花酒桃花酿青梅酒柚子酒荔枝酒蓝莓酒女士低度
包装不错，看着挺有档次，不过酒一般，可能就是米酒加颜料，不是饭店一斤48左右的那种桃花酿或桂花酒。,2021/1/30 18:34,x***i,15270475036,送酒具浙一家花果酒礼盒500ml*6瓶 桂花酒桃花醉桃花酒桃花酿青梅酒柚子酒荔枝酒蓝莓酒女士低度
年货的酒陆续都到了，瓶子很好看，不知道味道如何,2021/1/30 13:06,l***0,15269056960,送酒具浙一家花果酒礼盒500ml*6瓶 桂花酒桃花醉桃花酒桃花酿青梅酒柚子酒荔枝酒蓝莓酒女士低度
有两瓶漏液了，箱子都发臭了,2021/1/30 2:00,****g,15267685193,送酒具浙一家花果酒礼盒500ml*6瓶 桂花酒桃花醉桃花酒桃花酿青梅酒柚子酒荔枝酒蓝莓酒女士低度
物流配送快，商品质量好,2021/1/29 18:30,1***1,15266252495,送酒具浙一家花果酒礼盒500ml*6瓶 桂花酒桃花醉桃花酒桃花酿青梅酒柚子酒荔枝酒蓝莓酒女士低度
杠杠的，今年年夜饭就它陪我过了,2021/1/29 12:51,****灶,15264837664,送酒具浙一家花果酒礼盒500ml*6瓶 桂花酒桃花醉桃花酒桃花酿青梅酒柚子酒荔枝酒蓝莓酒女士低度
挺好的，送的东西精致实用,2021/1/29 11:28,斌***w,15264503504,送酒具浙一家花果酒礼盒500ml*6瓶 桂花酒桃花醉桃花酒桃花酿青梅酒柚子酒荔枝酒蓝莓酒女士低度
不错不错，还送了一套小酒具,2021/1/29 10:28,T***Y,15264238201,送酒具浙一家花果酒礼盒500ml*6瓶 桂花酒桃花醉桃花酒桃花酿青梅酒柚子酒荔枝酒蓝莓酒女士低度
蜜柚和蓝莓漏了，请改进！酒很适合女士饮用，微醺吧！酒具很精美，喜欢，还会回购的,2021/1/27 21:50,****l,15258430623,送酒具浙一家花果酒礼盒500ml*6瓶 桂花酒桃花醉桃花酒桃花酿青梅酒柚子酒荔枝酒蓝莓酒女士低度
味道还可以，喝了一瓶了,2021/1/27 21:21,无***周,15258300949,送酒具浙一家花果酒礼盒500ml*6瓶 桂花酒桃花醉桃花酒桃花酿青梅酒柚子酒荔枝酒蓝莓酒女士低度
好喝又不贵，经济又实惠,2021/1/27 20:35,****d,15258086746,送酒具浙一家花果酒礼盒500ml*6瓶 桂花酒桃花醉桃花酒桃花酿青梅酒柚子酒荔枝酒蓝莓酒女士低度
就是快递我不喜欢，有点太慢了，发货速度可以，快递慢,2021/1/27 16:36,嗯***8,15257019109,送酒具浙一家花果酒礼盒500ml*6瓶 桂花酒桃花醉桃花酒桃花酿青梅酒柚子酒荔枝酒蓝莓酒女士低度
味道挺好喝的，没啥度数,2021/1/27 14:50,****d,15256548046,送酒具浙一家花果酒礼盒500ml*6瓶 桂花酒桃花醉桃花酒桃花酿青梅酒柚子酒荔枝酒蓝莓酒女士低度
味道还行就是瓶子太粗糙了,2021/1/26 13:56,h***f,15251607899,送酒具浙一家花果酒礼盒500ml*6瓶 桂花酒桃花醉桃花酒桃花酿青梅酒柚子酒荔枝酒蓝莓酒女士低度
味道跟Rio差不多，淡淡的果香，瓶子真的好看,2021/3/14 15:38,s***h,15419460374,送酒具浙一家花果酒礼盒500ml*6瓶 桂花酒桃花醉桃花酒桃花酿青梅酒柚子酒荔枝酒蓝莓酒女士低度
酒的味道不错，主要我老婆他们多少得喝点意思意思,2021/3/5 22:28,刘***安,15385798389,送酒具浙一家花果酒礼盒500ml*6瓶 桂花酒桃花醉桃花酒桃花酿青梅酒柚子酒荔枝酒蓝莓酒女士低度
花果酒度数低，口感好，气味香，非常适合酒量小的我们,2021/2/12 10:38,J***1,15315874829,送酒具浙一家花果酒礼盒500ml*6瓶 桂花酒桃花醉桃花酒桃花酿青梅酒柚子酒荔枝酒蓝莓酒女士低度
拆开包装给了我很大的惊喜，酒瓶得颜色开起来非常的养眼，打开了一瓶出来尝了尝有一股浓浓的酒香味，入口清甜很适合女孩子喝,2020/9/16 14:09,徐***皓,14648790497,送酒具浙一家花果酒礼盒500ml*6瓶 桂花酒桃花醉桃花酒桃花酿青梅酒柚子酒荔枝酒蓝莓酒女士低度
不好喝，加热以后很酸，而且还有一股怪味儿，后悔买那么多了。,2021/1/5 8:17,依***9,15136380307,送酒具浙一家花果酒礼盒500ml*6瓶 桂花酒桃花醉桃花酒桃花酿青梅酒柚子酒荔枝酒蓝莓酒女士低度
非常漂亮口感也很好??,2021/5/17 12:28,管***8,15682833483,送酒具浙一家花果酒礼盒500ml*6瓶 桂花酒桃花醉桃花酒桃花酿青梅酒柚子酒荔枝酒蓝莓酒女士低度
酒的味道不错，酒瓶外观不错。,2021/5/8 23:47,星***舟,15649850297,送酒具浙一家花果酒礼盒500ml*6瓶 桂花酒桃花醉桃花酒桃花酿青梅酒柚子酒荔枝酒蓝莓酒女士低度
口感很不错，家人朋友都喜欢,2021/5/15 11:17,吉***平,15674633476,送酒具浙一家花果酒礼盒500ml*6瓶 桂花酒桃花醉桃花酒桃花酿青梅酒柚子酒荔枝酒蓝莓酒女士低度
很棒，是喜欢的味道，再次回购,2021/5/5 12:14,木***涟,15635727585,送酒具浙一家花果酒礼盒500ml*6瓶 桂花酒桃花醉桃花酒桃花酿青梅酒柚子酒荔枝酒蓝莓酒女士低度
这个果酒真是太好喝了，颜值也很高，还会再买的哈哈哈,2021/1/25 9:13,****q,15245446803,送酒具浙一家花果酒礼盒500ml*6瓶 桂花酒桃花醉桃花酒桃花酿青梅酒柚子酒荔枝酒蓝莓酒女士低度
这份酒带我找到了对象，我必须赞一个?,2021/3/20 9:16,天***汉,15440656835,送酒具浙一家花果酒礼盒500ml*6瓶 桂花酒桃花醉桃花酒桃花酿青梅酒柚子酒荔枝酒蓝莓酒女士低度
到挺及r，包b大猓味道正，非常不e,2021/3/10 13:18,****i,15403830503,送酒具浙一家花果酒礼盒500ml*6瓶 桂花酒桃花醉桃花酒桃花酿青梅酒柚子酒荔枝酒蓝莓酒女士低度
很精美，很别致。比想象中的量要大,2020/4/7 17:01,****3,14006857453,送酒具浙一家花果酒礼盒500ml*6瓶 桂花酒桃花醉桃花酒桃花酿青梅酒柚子酒荔枝酒蓝莓酒女士低度
不错，味道好极了，，,2021/6/2 17:25,****1,15750487768,送酒具浙一家花果酒礼盒500ml*6瓶 桂花酒桃花醉桃花酒桃花酿青梅酒柚子酒荔枝酒蓝莓酒女士低度
外观漂亮，酒还没喝，但应该可以，只是有一瓶封口处己经漏湿了，有点遗憾。,2021/1/17 22:38,皮***干,15214516536,送酒具浙一家花果酒礼盒500ml*6瓶 桂花酒桃花醉桃花酒桃花酿青梅酒柚子酒荔枝酒蓝莓酒女士低度
非常好的一次购物，酒喝起来也非常好。,2021/3/21 17:38,****4,15446136839,送酒具浙一家花果酒礼盒500ml*6瓶 桂花酒桃花醉桃花酒桃花酿青梅酒柚子酒荔枝酒蓝莓酒女士低度
物流非常迅速，有一瓶有一点点漏，不过不严重，很好喝,2021/1/15 16:49,****v,15205700957,送酒具浙一家花果酒礼盒500ml*6瓶 桂花酒桃花醉桃花酒桃花酿青梅酒柚子酒荔枝酒蓝莓酒女士低度
以后会经常光顾此店的，客服很热心推荐。很喜欢的一次购物宝贝觉得自己眼光还是实惠的而且喝起来很好喝，瓶子也很漂亮宝贝相当理想,2020/9/6 9:57,****9,14610771224,送酒具浙一家花果酒礼盒500ml*6瓶 桂花酒桃花醉桃花酒桃花酿青梅酒柚子酒荔枝酒蓝莓酒女士低度
很不错，还没喝，看着很漂亮,2021/4/29 22:12,木***涟,15617115873,送酒具浙一家花果酒礼盒500ml*6瓶 桂花酒桃花醉桃花酒桃花酿青梅酒柚子酒荔枝酒蓝莓酒女士低度
感觉很不错，就是量有点少！,2021/4/29 14:41,佐***尔,15615515414,送酒具浙一家花果酒礼盒500ml*6瓶 桂花酒桃花醉桃花酒桃花酿青梅酒柚子酒荔枝酒蓝莓酒女士低度
东西已到货，略有瑕疵，已联系客服，客服已处理。,2021/4/27 18:32,清***_,15608821166,送酒具浙一家花果酒礼盒500ml*6瓶 桂花酒桃花醉桃花酒桃花酿青梅酒柚子酒荔枝酒蓝莓酒女士低度
已经喝完了，挺不错的，还有送的小杯子,2021/3/6 12:30,风***1,15387355117,送酒具浙一家花果酒礼盒500ml*6瓶 桂花酒桃花醉桃花酒桃花酿青梅酒柚子酒荔枝酒蓝莓酒女士低度
酒还是很不错的，但是这个物流真的是一言难尽，我在京东买的，还走的其他物流，慢的一批,2020/11/28 10:58,****J,14972189805,送酒具浙一家花果酒礼盒500ml*6瓶 桂花酒桃花醉桃花酒桃花酿青梅酒柚子酒荔枝酒蓝莓酒女士低度
京东的服务真的没话说，大多数产品有保证。,2021/2/11 1:21,****2,15314118783,送酒具浙一家花果酒礼盒500ml*6瓶 桂花酒桃花醉桃花酒桃花酿青梅酒柚子酒荔枝酒蓝莓酒女士低度
非常好喝  口感很棒  而且没什么度数,2021/2/18 22:11,1***w,15329214002,送酒具浙一家花果酒礼盒500ml*6瓶 桂花酒桃花醉桃花酒桃花酿青梅酒柚子酒荔枝酒蓝莓酒女士低度
没看清，以为有桃花味的，收到才知道没有，其它都挺不错，就是没有想要的,2021/1/3 18:57,****1,15130585886,送酒具浙一家花果酒礼盒500ml*6瓶 桂花酒桃花醉桃花酒桃花酿青梅酒柚子酒荔枝酒蓝莓酒女士低度
就是快递收件的时候还要额外收费有点无语,2021/2/17 10:21,s***柒,15324797277,送酒具浙一家花果酒礼盒500ml*6瓶 桂花酒桃花醉桃花酒桃花酿青梅酒柚子酒荔枝酒蓝莓酒女士低度
味道好，实惠！配送快！,2021/4/28 8:32,深***花,15610421346,送酒具浙一家花果酒礼盒500ml*6瓶 桂花酒桃花醉桃花酒桃花酿青梅酒柚子酒荔枝酒蓝莓酒女士低度
味道不错，度数也小，可以当饮料喝。,2021/3/4 10:24,永***4,15378808763,送酒具浙一家花果酒礼盒500ml*6瓶 桂花酒桃花醉桃花酒桃花酿青梅酒柚子酒荔枝酒蓝莓酒女士低度
还不错，有一个杯子是裂的，卖家补发了一个。,2021/1/23 21:06,s***n,15239850912,送酒具浙一家花果酒礼盒500ml*6瓶 桂花酒桃花醉桃花酒桃花酿青梅酒柚子酒荔枝酒蓝莓酒女士低度
看着不错，喝好再来,2021/5/19 19:15,爱***底,15693171735,送酒具浙一家花果酒礼盒500ml*6瓶 桂花酒桃花醉桃花酒桃花酿青梅酒柚子酒荔枝酒蓝莓酒女士低度
买给妈妈喝的她说挺好的，不过妈妈喜欢喝酒，她说这个她喝不惯,2021/2/11 1:12,周***妮,15314109519,送酒具浙一家花果酒礼盒500ml*6瓶 桂花酒桃花醉桃花酒桃花酿青梅酒柚子酒荔枝酒蓝莓酒女士低度
味道不错，现在只喝了桃子的，对剩下的口味也很期待(?B`B?),2021/1/21 15:54,****C,15229974766,送酒具浙一家花果酒礼盒500ml*6瓶 桂花酒桃花醉桃花酒桃花酿青梅酒柚子酒荔枝酒蓝莓酒女士低度
蛮好喝的，但是酒量不行，喝不了多少,2021/2/26 6:47,执***枫,15353886268,送酒具浙一家花果酒礼盒500ml*6瓶 桂花酒桃花醉桃花酒桃花酿青梅酒柚子酒荔枝酒蓝莓酒女士低度
买了几次了，各种味道各有特色。,2021/3/13 17:53,c***8,15416347493,送酒具浙一家花果酒礼盒500ml*6瓶 桂花酒桃花醉桃花酒桃花酿青梅酒柚子酒荔枝酒蓝莓酒女士低度
好香的酒呀，瓶子也很漂亮，喜欢,2021/3/9 20:41,****b,15401476276,送酒具浙一家花果酒礼盒500ml*6瓶 桂花酒桃花醉桃花酒桃花酿青梅酒柚子酒荔枝酒蓝莓酒女士低度
甜甜的，喝着像饮料，挺喜欢的。就是封口处那个塑料纸不好抠,2021/2/9 20:39,****刘,15310929586,送酒具浙一家花果酒礼盒500ml*6瓶 桂花酒桃花醉桃花酒桃花酿青梅酒柚子酒荔枝酒蓝莓酒女士低度
酒瓶非常好看，可以当艺术品了。,2021/3/6 20:50,有***欢,15389379110,送酒具浙一家花果酒礼盒500ml*6瓶 桂花酒桃花醉桃花酒桃花酿青梅酒柚子酒荔枝酒蓝莓酒女士低度
快递很快 买给爸爸喝的 他特别喜欢喝里面水果味的 觉得很划算 特别的值 真心不错！！！,2020/10/9 16:51,付***_,14733695542,送酒具浙一家花果酒礼盒500ml*6瓶 桂花酒桃花醉桃花酒桃花酿青梅酒柚子酒荔枝酒蓝莓酒女士低度
酒很好喝，很喜欢。喝完再买一箱,2021/3/2 8:48,J***0,15368957028,送酒具浙一家花果酒礼盒500ml*6瓶 桂花酒桃花醉桃花酒桃花酿青梅酒柚子酒荔枝酒蓝莓酒女士低度
送货速度快！回来还没有舍得喝！,2021/2/28 18:00,j***a,15363374448,送酒具浙一家花果酒礼盒500ml*6瓶 桂花酒桃花醉桃花酒桃花酿青梅酒柚子酒荔枝酒蓝莓酒女士低度
每个口味都好喝，喜欢，会再买,2021/3/9 13:28,l***3,15399675920,送酒具浙一家花果酒礼盒500ml*6瓶 桂花酒桃花醉桃花酒桃花酿青梅酒柚子酒荔枝酒蓝莓酒女士低度
口感很棒，分量也很足。我很喜欢。,2021/5/13 19:07,****8,15668634166,送酒具浙一家花果酒礼盒500ml*6瓶 桂花酒桃花醉桃花酒桃花酿青梅酒柚子酒荔枝酒蓝莓酒女士低度
味道还行，主要是瓶子颜值高，放家里也好看,2021/1/5 12:55,s***4,15137516629,送酒具浙一家花果酒礼盒500ml*6瓶 桂花酒桃花醉桃花酒桃花酿青梅酒柚子酒荔枝酒蓝莓酒女士低度
还不错，希望优惠多多，，，,2021/3/9 7:25,神***友,15398259499,送酒具浙一家花果酒礼盒500ml*6瓶 桂花酒桃花醉桃花酒桃花酿青梅酒柚子酒荔枝酒蓝莓酒女士低度
此用户未填写评价内容,2020/4/1 12:06,鲲***辈,13982353942,送酒具浙一家花果酒礼盒500ml*6瓶 桂花酒桃花醉桃花酒桃花酿青梅酒柚子酒荔枝酒蓝莓酒女士低度
刚开了一瓶，非常好喝，还会回购的,2021/2/9 23:43,I***S,15311434019,送酒具浙一家花果酒礼盒500ml*6瓶 桂花酒桃花醉桃花酒桃花酿青梅酒柚子酒荔枝酒蓝莓酒女士低度
还不错，就是有点小贵，味道不怎样,2021/2/5 6:38,****趣,15293604102,送酒具浙一家花果酒礼盒500ml*6瓶 桂花酒桃花醉桃花酒桃花酿青梅酒柚子酒荔枝酒蓝莓酒女士低度
这一款果酒物美价廉，口感非常棒。,2021/1/31 8:44,一***景,15272242540,送酒具浙一家花果酒礼盒500ml*6瓶 桂花酒桃花醉桃花酒桃花酿青梅酒柚子酒荔枝酒蓝莓酒女士低度
挺好喝的，不过不知道是不是因为它，喝完第二天头疼,2021/2/17 17:32,****7,15325852092,送酒具浙一家花果酒礼盒500ml*6瓶 桂花酒桃花醉桃花酒桃花酿青梅酒柚子酒荔枝酒蓝莓酒女士低度
味道纯正，包装精美。,2021/3/24 15:48,s***3,15457023212,送酒具浙一家花果酒礼盒500ml*6瓶 桂花酒桃花醉桃花酒桃花酿青梅酒柚子酒荔枝酒蓝莓酒女士低度
准备送人的礼物，漏了一瓶跟卖家反应立刻补发给我，漏了的那瓶自己留着啦，很香很好喝，超赞,2020/12/15 17:48,****X,15050636885,送酒具浙一家花果酒礼盒500ml*6瓶 桂花酒桃花醉桃花酒桃花酿青梅酒柚子酒荔枝酒蓝莓酒女士低度
很喜欢，适合不会喝酒的人,2021/2/28 22:47,w***3,15364444647,送酒具浙一家花果酒礼盒500ml*6瓶 桂花酒桃花醉桃花酒桃花酿青梅酒柚子酒荔枝酒蓝莓酒女士低度
好喝，喜欢，送礼好东西,2021/3/6 15:37,l***2,15388106761,送酒具浙一家花果酒礼盒500ml*6瓶 桂花酒桃花醉桃花酒桃花酿青梅酒柚子酒荔枝酒蓝莓酒女士低度
花果酒很好喝，不醉人,2021/3/15 9:42,m***1,15421868058,送酒具浙一家花果酒礼盒500ml*6瓶 桂花酒桃花醉桃花酒桃花酿青梅酒柚子酒荔枝酒蓝莓酒女士低度
就是快递我不喜欢，有点太慢了，发货速度可以，快递慢,2021/1/27 16:36,嗯***8,15257019109,送酒具浙一家花果酒礼盒500ml*6瓶 桂花酒桃花醉桃花酒桃花酿青梅酒柚子酒荔枝酒蓝莓酒女士低度
包装精美，设计时尚，非常推荐,2021/2/5 10:14,****k,15294164043,送酒具浙一家花果酒礼盒500ml*6瓶 桂花酒桃花醉桃花酒桃花酿青梅酒柚子酒荔枝酒蓝莓酒女士低度
还行 朋友喝着是那回事,2021/5/30 0:05,h***q,15734741738,送酒具浙一家花果酒礼盒500ml*6瓶 桂花酒桃花醉桃花酒桃花酿青梅酒柚子酒荔枝酒蓝莓酒女士低度
好评~卖家态度好，样子很好看~,2021/2/8 11:15,焱***其,15305881388,送酒具浙一家花果酒礼盒500ml*6瓶 桂花酒桃花醉桃花酒桃花酿青梅酒柚子酒荔枝酒蓝莓酒女士低度
颜值高，口感好，值得回购。,2021/5/8 19:38,拉***女,15649026533,送酒具浙一家花果酒礼盒500ml*6瓶 桂花酒桃花醉桃花酒桃花酿青梅酒柚子酒荔枝酒蓝莓酒女士低度
还是青梅酒好喝，其他的一般般吧！,2021/4/9 17:01,****7,15516728070,送酒具浙一家花果酒礼盒500ml*6瓶 桂花酒桃花醉桃花酒桃花酿青梅酒柚子酒荔枝酒蓝莓酒女士低度
酒很不错，味道好，瓶子也漂亮,2021/1/24 22:16,f***7,15244489488,送酒具浙一家花果酒礼盒500ml*6瓶 桂花酒桃花醉桃花酒桃花酿青梅酒柚子酒荔枝酒蓝莓酒女士低度
适合很多人喝，度数很低，微甜,2021/1/23 11:13,燕***幻,15237302428,送酒具浙一家花果酒礼盒500ml*6瓶 桂花酒桃花醉桃花酒桃花酿青梅酒柚子酒荔枝酒蓝莓酒女士低度
好喝，比较清冽，就是喜欢的口味没了,2021/3/25 15:16,杨***爹,15460617026,送酒具浙一家花果酒礼盒500ml*6瓶 桂花酒桃花醉桃花酒桃花酿青梅酒柚子酒荔枝酒蓝莓酒女士低度
不错不错，还送了一套小酒具,2021/1/29 10:28,T***Y,15264238201,送酒具浙一家花果酒礼盒500ml*6瓶 桂花酒桃花醉桃花酒桃花酿青梅酒柚子酒荔枝酒蓝莓酒女士低度
不知道喝不，等喝了在评论,2021/2/5 21:59,s***f,15296894346,送酒具浙一家花果酒礼盒500ml*6瓶 桂花酒桃花醉桃花酒桃花酿青梅酒柚子酒荔枝酒蓝莓酒女士低度
好喝，好看，老师喜欢,2021/2/23 0:18,****8,15341918128,送酒具浙一家花果酒礼盒500ml*6瓶 桂花酒桃花醉桃花酒桃花酿青梅酒柚子酒荔枝酒蓝莓酒女士低度
口感很好不上头，女朋友很喜欢喝,2021/1/4 13:41,****k,15133518637,送酒具浙一家花果酒礼盒500ml*6瓶 桂花酒桃花醉桃花酒桃花酿青梅酒柚子酒荔枝酒蓝莓酒女士低度
挺好喝的，送的杯子也很漂亮，不错不错。。。,2021/2/10 14:03,快***4,15312651487,送酒具浙一家花果酒礼盒500ml*6瓶 桂花酒桃花醉桃花酒桃花酿青梅酒柚子酒荔枝酒蓝莓酒女士低度
挺好的，送的东西精致实用,2021/1/29 11:28,斌***w,15264503504,送酒具浙一家花果酒礼盒500ml*6瓶 桂花酒桃花醉桃花酒桃花酿青梅酒柚子酒荔枝酒蓝莓酒女士低度
东西还不错，看着可以。,2021/2/6 21:27,****s,15300482317,送酒具浙一家花果酒礼盒500ml*6瓶 桂花酒桃花醉桃花酒桃花酿青梅酒柚子酒荔枝酒蓝莓酒女士低度
和网上的一模一样，瓶子很可爱。还没喝，应该不错。,2019/12/31 10:30,Q***i,13666181675,送酒具浙一家花果酒礼盒500ml*6瓶 桂花酒桃花醉桃花酒桃花酿青梅酒柚子酒荔枝酒蓝莓酒女士低度
味道还行就是瓶子太粗糙了,2021/1/26 13:56,h***f,15251607899,送酒具浙一家花果酒礼盒500ml*6瓶 桂花酒桃花醉桃花酒桃花酿青梅酒柚子酒荔枝酒蓝莓酒女士低度
多种口味，送的杯子还不错,2021/1/26 10:02,z***2,15250538623,送酒具浙一家花果酒礼盒500ml*6瓶 桂花酒桃花醉桃花酒桃花酿青梅酒柚子酒荔枝酒蓝莓酒女士低度
米酒，甜甜的口感不错,2021/2/13 11:24,我***子,15317386812,送酒具浙一家花果酒礼盒500ml*6瓶 桂花酒桃花醉桃花酒桃花酿青梅酒柚子酒荔枝酒蓝莓酒女士低度
刚刚那条说了，木塞太少，有点漏了出来,2021/3/3 14:47,****m,15375724527,送酒具浙一家花果酒礼盒500ml*6瓶 桂花酒桃花醉桃花酒桃花酿青梅酒柚子酒荔枝酒蓝莓酒女士低度
果酒度数不高，口感好。六种口味，吃饭的时候，可以调节气氛。,2020/12/13 10:45,恶***刃,15038189675,送酒具浙一家花果酒礼盒500ml*6瓶 桂花酒桃花醉桃花酒桃花酿青梅酒柚子酒荔枝酒蓝莓酒女士低度
物品收到了，物美价廉，感觉挺好的，酒的味道也挺好，值得拥有。,2020/12/1 2:15,****o,14984177193,送酒具浙一家花果酒礼盒500ml*6瓶 桂花酒桃花醉桃花酒桃花酿青梅酒柚子酒荔枝酒蓝莓酒女士低度
瓶子很漂亮，有特色。口味很好，我们全家都喜欢。,2021/1/12 18:53,s***5,15194262298,送酒具浙一家花果酒礼盒500ml*6瓶 桂花酒桃花醉桃花酒桃花酿青梅酒柚子酒荔枝酒蓝莓酒女士低度
很不错，还没喝，看着挺好的。包装精美。,2021/2/15 15:44,善***珠,15321136918,送酒具浙一家花果酒礼盒500ml*6瓶 桂花酒桃花醉桃花酒桃花酿青梅酒柚子酒荔枝酒蓝莓酒女士低度
不错，很精致，超喜欢，去过云南，好喝,2021/2/24 10:19,h***3,15346409930,送酒具浙一家花果酒礼盒500ml*6瓶 桂花酒桃花醉桃花酒桃花酿青梅酒柚子酒荔枝酒蓝莓酒女士低度
好喝又不贵，经济又实惠,2021/1/27 20:35,****d,15258086746,送酒具浙一家花果酒礼盒500ml*6瓶 桂花酒桃花醉桃花酒桃花酿青梅酒柚子酒荔枝酒蓝莓酒女士低度
味道还可以，喝了一瓶了,2021/1/27 21:21,无***周,15258300949,送酒具浙一家花果酒礼盒500ml*6瓶 桂花酒桃花醉桃花酒桃花酿青梅酒柚子酒荔枝酒蓝莓酒女士低度
习惯性好评，还没尝试,2021/2/5 14:25,金***具,15295163005,送酒具浙一家花果酒礼盒500ml*6瓶 桂花酒桃花醉桃花酒桃花酿青梅酒柚子酒荔枝酒蓝莓酒女士低度
还没喝，喝了再来评价，洒瓶好看,2021/3/17 10:59,****x,15429916402,送酒具浙一家花果酒礼盒500ml*6瓶 桂花酒桃花醉桃花酒桃花酿青梅酒柚子酒荔枝酒蓝莓酒女士低度
样子很可爱，味道还行，可以,2021/1/2 17:30,****d,15125998332,送酒具浙一家花果酒礼盒500ml*6瓶 桂花酒桃花醉桃花酒桃花酿青梅酒柚子酒荔枝酒蓝莓酒女士低度
味道不错，好喝。还会买的，外观漂亮,2021/2/26 6:36,****x,15353874580,送酒具浙一家花果酒礼盒500ml*6瓶 桂花酒桃花醉桃花酒桃花酿青梅酒柚子酒荔枝酒蓝莓酒女士低度
果酒收到了，一打开酒盖，那是一个香啊，很好喝，很是喜欢，又是一个让人满意的购物体验???,2020/9/9 22:23,关***尼,14624717419,送酒具浙一家花果酒礼盒500ml*6瓶 桂花酒桃花醉桃花酒桃花酿青梅酒柚子酒荔枝酒蓝莓酒女士低度
口味很喜欢 酒精度数不高,2021/4/10 14:46,a***i,15519712577,送酒具浙一家花果酒礼盒500ml*6瓶 桂花酒桃花醉桃花酒桃花酿青梅酒柚子酒荔枝酒蓝莓酒女士低度
好喝，也很新鲜甜可口,2021/1/24 22:16,f***7,15244480268,送酒具浙一家花果酒礼盒500ml*6瓶 桂花酒桃花醉桃花酒桃花酿青梅酒柚子酒荔枝酒蓝莓酒女士低度
非常漂亮，赏心悦目。,2020/1/7 20:20,s***z,13695504720,送酒具浙一家花果酒礼盒500ml*6瓶 桂花酒桃花醉桃花酒桃花酿青梅酒柚子酒荔枝酒蓝莓酒女士低度
东西看包装还可以，还没喝，喝了再评。,2021/2/8 12:28,逍***枪,15306141168,送酒具浙一家花果酒礼盒500ml*6瓶 桂花酒桃花醉桃花酒桃花酿青梅酒柚子酒荔枝酒蓝莓酒女士低度
宝贝的外观好看，商家的服务态度很好很喜欢,2021/1/21 6:39,****q,15227863210,送酒具浙一家花果酒礼盒500ml*6瓶 桂花酒桃花醉桃花酒桃花酿青梅酒柚子酒荔枝酒蓝莓酒女士低度
"京东物流还是很快的，第二天就到了
喝起来味道很清爽，酒精度不高",2020/10/25 22:03,小***名,14797509134,送酒具浙一家花果酒礼盒500ml*6瓶 桂花酒桃花醉桃花酒桃花酿青梅酒柚子酒荔枝酒蓝莓酒女士低度
非常感谢店家送的梅花酒具，颜值非常高，酒也很不错，味道香,2020/11/21 20:19,D***Y,14942832866,送酒具浙一家花果酒礼盒500ml*6瓶 桂花酒桃花醉桃花酒桃花酿青梅酒柚子酒荔枝酒蓝莓酒女士低度
味道不错，包装很好的。,2021/4/4 12:50,岳***辛,15497685137,送酒具浙一家花果酒礼盒500ml*6瓶 桂花酒桃花醉桃花酒桃花酿青梅酒柚子酒荔枝酒蓝莓酒女士低度
物流很快，包装很好，还没喝，喝完再追评！,2021/1/12 10:40,****D,15192321504,送酒具浙一家花果酒礼盒500ml*6瓶 桂花酒桃花醉桃花酒桃花酿青梅酒柚子酒荔枝酒蓝莓酒女士低度
瓶子很漂亮，包装也好,2021/1/11 14:40,小***宋,15184609614,送酒具浙一家花果酒礼盒500ml*6瓶 桂花酒桃花醉桃花酒桃花酿青梅酒柚子酒荔枝酒蓝莓酒女士低度
非常好，味道闻起来也是真的很香，造型也比较漂亮，我超级喜欢这个瓶子然后老板人也很好。谢谢,2020/9/20 11:16,木***9,14662733779,送酒具浙一家花果酒礼盒500ml*6瓶 桂花酒桃花醉桃花酒桃花酿青梅酒柚子酒荔枝酒蓝莓酒女士低度
买了两箱快递是分两次送来的，为啥就一个订单，没有其他的说明，给我弄懵了以为是少发了一箱，和客服联系之后才弄明白 好评,2020/1/17 9:58,q***5,13732629727,送酒具浙一家花果酒礼盒500ml*6瓶 桂花酒桃花醉桃花酒桃花酿青梅酒柚子酒荔枝酒蓝莓酒女士低度
第一次买这种酒 味道还不错哦 酒瓶很有颜值 喜欢,2020/12/21 12:39,R***_,15076333208,送酒具浙一家花果酒礼盒500ml*6瓶 桂花酒桃花醉桃花酒桃花酿青梅酒柚子酒荔枝酒蓝莓酒女士低度
还可以，瓶子我很喜欢。很漂亮,2021/2/27 16:26,****d,15359343325,送酒具浙一家花果酒礼盒500ml*6瓶 桂花酒桃花醉桃花酒桃花酿青梅酒柚子酒荔枝酒蓝莓酒女士低度
嗯，个人感觉味道都还好，就是没收到桃子口味，有点遗憾。,2020/11/19 12:55,e***e,14930983023,送酒具浙一家花果酒礼盒500ml*6瓶 桂花酒桃花醉桃花酒桃花酿青梅酒柚子酒荔枝酒蓝莓酒女士低度
不错不错，挺好的，值得推荐，挺好喝的噢,2021/1/9 21:17,****X,15174535899,送酒具浙一家花果酒礼盒500ml*6瓶 桂花酒桃花醉桃花酒桃花酿青梅酒柚子酒荔枝酒蓝莓酒女士低度
包装完好，就是没有成分表，箱子上除了厂址和电话，一点儿什么生产批号什么成分表没有，有点儿担心,2020/8/19 16:09,H***w,14548281327,送酒具浙一家花果酒礼盒500ml*6瓶 桂花酒桃花醉桃花酒桃花酿青梅酒柚子酒荔枝酒蓝莓酒女士低度
比较适合女孩子喝的酒品，味道还好,2021/2/4 12:13,流***安,15290511114,送酒具浙一家花果酒礼盒500ml*6瓶 桂花酒桃花醉桃花酒桃花酿青梅酒柚子酒荔枝酒蓝莓酒女士低度
六瓶感觉喝不完啦，第一次喝还挺喜欢，喝多了感觉腻了，真的不能贪多,2020/9/28 20:38,V***0,14695649638,送酒具浙一家花果酒礼盒500ml*6瓶 桂花酒桃花醉桃花酒桃花酿青梅酒柚子酒荔枝酒蓝莓酒女士低度
酒的口味还行，没什么度数,2021/3/12 8:36,z***0,15410657672,送酒具浙一家花果酒礼盒500ml*6瓶 桂花酒桃花醉桃花酒桃花酿青梅酒柚子酒荔枝酒蓝莓酒女士低度
买了果酒收到啦！味道很不错。味道也很纯正。是正品。值得购买。有需要的亲赶紧下手吧！,2020/10/6 13:05,马***婷,14721656514,送酒具浙一家花果酒礼盒500ml*6瓶 桂花酒桃花醉桃花酒桃花酿青梅酒柚子酒荔枝酒蓝莓酒女士低度
味道好，价格公道，送货快。快递服务好。,2021/1/4 9:53,x***9,15132515307,送酒具浙一家花果酒礼盒500ml*6瓶 桂花酒桃花醉桃花酒桃花酿青梅酒柚子酒荔枝酒蓝莓酒女士低度
爱了爱了，这包装，这瓶，这颜色，都是我喜欢的调调，关键味道更是我爱的，喝完再来,2020/9/1 23:54,****8,14595642714,送酒具浙一家花果酒礼盒500ml*6瓶 桂花酒桃花醉桃花酒桃花酿青梅酒柚子酒荔枝酒蓝莓酒女士低度
性价比很高在。实体店见过类似的东东。味道也还是不错的，比较甜。,2020/9/29 21:22,j***4,14699665589,送酒具浙一家花果酒礼盒500ml*6瓶 桂花酒桃花醉桃花酒桃花酿青梅酒柚子酒荔枝酒蓝莓酒女士低度
颜值很高，尝了一下桂花味的，香气清新，不错,2020/12/28 10:18,h***1,15105206862,送酒具浙一家花果酒礼盒500ml*6瓶 桂花酒桃花醉桃花酒桃花酿青梅酒柚子酒荔枝酒蓝莓酒女士低度
与想象中的期待一样，不错,2021/2/21 11:47,****k,15336299070,送酒具浙一家花果酒礼盒500ml*6瓶 桂花酒桃花醉桃花酒桃花酿青梅酒柚子酒荔枝酒蓝莓酒女士低度
没有喝，习惯好评好评好评好评,2021/2/5 12:36,n***g,15294738781,送酒具浙一家花果酒礼盒500ml*6瓶 桂花酒桃花醉桃花酒桃花酿青梅酒柚子酒荔枝酒蓝莓酒女士低度
挺好喝的，适合不会喝酒的女同志。,2021/1/11 8:27,****m,15183116838,送酒具浙一家花果酒礼盒500ml*6瓶 桂花酒桃花醉桃花酒桃花酿青梅酒柚子酒荔枝酒蓝莓酒女士低度
京东上买东西给我发最慢的邮政快递,2021/1/10 12:08,俩***星,15176270192,送酒具浙一家花果酒礼盒500ml*6瓶 桂花酒桃花醉桃花酒桃花酿青梅酒柚子酒荔枝酒蓝莓酒女士低度
是冲着好评这么多买的，收到后还是有惊喜的，六种口味家人特别爱喝，会回购的。,2020/10/20 16:21,****-,14776078765,送酒具浙一家花果酒礼盒500ml*6瓶 桂花酒桃花醉桃花酒桃花酿青梅酒柚子酒荔枝酒蓝莓酒女士低度
还没喝，不过店家服务挺好的，有一款刚好缺货，联系我更换了，估计是打了很多个电话,2020/9/29 9:07,****2,14696914170,送酒具浙一家花果酒礼盒500ml*6瓶 桂花酒桃花醉桃花酒桃花酿青梅酒柚子酒荔枝酒蓝莓酒女士低度
很好的产品，喝了三罐来评价。喝多了有点热，很好。,2020/11/17 22:58,y***4,14923119476,送酒具浙一家花果酒礼盒500ml*6瓶 桂花酒桃花醉桃花酒桃花酿青梅酒柚子酒荔枝酒蓝莓酒女士低度
味道不错，果味较浓郁,2021/3/3 15:26,1***m,15375886151,送酒具浙一家花果酒礼盒500ml*6瓶 桂花酒桃花醉桃花酒桃花酿青梅酒柚子酒荔枝酒蓝莓酒女士低度
不是特别好喝，有些发苦发涩不是特别建议买。,2020/12/14 11:56,想***人,15043806723,送酒具浙一家花果酒礼盒500ml*6瓶 桂花酒桃花醉桃花酒桃花酿青梅酒柚子酒荔枝酒蓝莓酒女士低度
瓶子包装不错，酒太甜，基本上几个口味都是一个口味,2020/11/6 11:42,弥***生,14851375869,送酒具浙一家花果酒礼盒500ml*6瓶 桂花酒桃花醉桃花酒桃花酿青梅酒柚子酒荔枝酒蓝莓酒女士低度
喝完了，味道不错，很喜欢，以后还会在买,2020/12/23 21:52,胖***哥,15087622322,送酒具浙一家花果酒礼盒500ml*6瓶 桂花酒桃花醉桃花酒桃花酿青梅酒柚子酒荔枝酒蓝莓酒女士低度
快递慢了，其它还行,2021/3/10 8:13,等***3,15402618711,送酒具浙一家花果酒礼盒500ml*6瓶 桂花酒桃花醉桃花酒桃花酿青梅酒柚子酒荔枝酒蓝莓酒女士低度
6瓶5瓶好的一瓶裂开了,2021/2/1 18:07,H***6,15279116388,送酒具浙一家花果酒礼盒500ml*6瓶 桂花酒桃花醉桃花酒桃花酿青梅酒柚子酒荔枝酒蓝莓酒女士低度
喜欢这个，是果酒的味道。甜甜的，又有一点酒精度数。,2020/10/9 9:23,墨***寒,14731998638,送酒具浙一家花果酒礼盒500ml*6瓶 桂花酒桃花醉桃花酒桃花酿青梅酒柚子酒荔枝酒蓝莓酒女士低度
味道挺好喝的，没啥度数,2021/1/27 14:50,****d,15256548046,送酒具浙一家花果酒礼盒500ml*6瓶 桂花酒桃花醉桃花酒桃花酿青梅酒柚子酒荔枝酒蓝莓酒女士低度
很不错，送给家人的，他们很喜欢。味道不错。,2020/11/14 15:34,谷***修,14901014354,送酒具浙一家花果酒礼盒500ml*6瓶 桂花酒桃花醉桃花酒桃花酿青梅酒柚子酒荔枝酒蓝莓酒女士低度
好喝实惠，是正品，信赖商家，宝贝质感很好，价格也适中，无限回购！,2020/11/3 15:42,清***s,14836216939,送酒具浙一家花果酒礼盒500ml*6瓶 桂花酒桃花醉桃花酒桃花酿青梅酒柚子酒荔枝酒蓝莓酒女士低度
酒还可以，很喜欢！味道还不错！值得品尝！,2020/11/22 16:47,莱***茂,14946491188,送酒具浙一家花果酒礼盒500ml*6瓶 桂花酒桃花醉桃花酒桃花酿青梅酒柚子酒荔枝酒蓝莓酒女士低度
入口柔，一线喉，酒美，瓶也美，下次还买，希望商家继续努力！！！会推荐朋友买的???,2020/3/23 9:00,龙***3,13947489382,送酒具浙一家花果酒礼盒500ml*6瓶 桂花酒桃花醉桃花酒桃花酿青梅酒柚子酒荔枝酒蓝莓酒女士低度
挺不错的，朋友喜欢喝，一次性酒喝完了,2020/12/11 20:29,贾***东,15031097782,送酒具浙一家花果酒礼盒500ml*6瓶 桂花酒桃花醉桃花酒桃花酿青梅酒柚子酒荔枝酒蓝莓酒女士低度
赠送的小酒杯套装非常好看，酒还没有舍得喝呢，喝完在评价。,2020/9/3 8:57,****y,14599848966,送酒具浙一家花果酒礼盒500ml*6瓶 桂花酒桃花醉桃花酒桃花酿青梅酒柚子酒荔枝酒蓝莓酒女士低度
瓶子很漂亮，喝完可以当饰品，酒也很好喝，送人也是很不错的，高大上。,2020/10/21 20:21,****华,14781084568,送酒具浙一家花果酒礼盒500ml*6瓶 桂花酒桃花醉桃花酒桃花酿青梅酒柚子酒荔枝酒蓝莓酒女士低度
还可以，比较适合女性饮用。酒精度不高，各种甜味。,2020/10/9 10:52,s***0,14732341254,送酒具浙一家花果酒礼盒500ml*6瓶 桂花酒桃花醉桃花酒桃花酿青梅酒柚子酒荔枝酒蓝莓酒女士低度
不错，比超市的便宜，口感很适合女士,2020/12/14 16:41,百***乐,15045267382,送酒具浙一家花果酒礼盒500ml*6瓶 桂花酒桃花醉桃花酒桃花酿青梅酒柚子酒荔枝酒蓝莓酒女士低度
瓶子很精致，可以作装饰品，包装到位，今晚试试。,2020/10/15 11:19,黄***5,14755345286,送酒具浙一家花果酒礼盒500ml*6瓶 桂花酒桃花醉桃花酒桃花酿青梅酒柚子酒荔枝酒蓝莓酒女士低度
酒的口感还不错，不会喝醉，晕晕的感觉很好,2020/11/13 3:55,缘***2,14891170930,送酒具浙一家花果酒礼盒500ml*6瓶 桂花酒桃花醉桃花酒桃花酿青梅酒柚子酒荔枝酒蓝莓酒女士低度
酒还不错甜甜的，送的酒壶漏酒，商家马上给补寄了一个,2020/9/24 13:25,w***0,14678660396,送酒具浙一家花果酒礼盒500ml*6瓶 桂花酒桃花醉桃花酒桃花酿青梅酒柚子酒荔枝酒蓝莓酒女士低度
正品，非常好看又好喝。,2021/1/14 13:35,韦***娃,15201280010,送酒具浙一家花果酒礼盒500ml*6瓶 桂花酒桃花醉桃花酒桃花酿青梅酒柚子酒荔枝酒蓝莓酒女士低度
好喝，还是有点上头&hellip;&hellip;,2021/2/9 12:27,天***8,15309482865,送酒具浙一家花果酒礼盒500ml*6瓶 桂花酒桃花醉桃花酒桃花酿青梅酒柚子酒荔枝酒蓝莓酒女士低度
这酒不错 然后口感很好 特别喜欢喝 还会回购的,2020/10/5 14:32,****8,14718398198,送酒具浙一家花果酒礼盒500ml*6瓶 桂花酒桃花醉桃花酒桃花酿青梅酒柚子酒荔枝酒蓝莓酒女士低度
东东不错，味道各有千秋，可以慢慢享受,2020/11/17 9:09,6***豆,14918077131,送酒具浙一家花果酒礼盒500ml*6瓶 桂花酒桃花醉桃花酒桃花酿青梅酒柚子酒荔枝酒蓝莓酒女士低度
先买一瓶尝了下，觉得好喝又买了两件，味道好，不贵，好评！,2020/11/15 12:03,****f,14906088581,送酒具浙一家花果酒礼盒500ml*6瓶 桂花酒桃花醉桃花酒桃花酿青梅酒柚子酒荔枝酒蓝莓酒女士低度
虽然物流还是有点点慢，原本计划圣诞当天送达的，结果迟了一天。不过喝到这个酒后这个等待还是ok的，很ok的酒很ok商家,2020/1/15 21:24,o***n,13727590682,送酒具浙一家花果酒礼盒500ml*6瓶 桂花酒桃花醉桃花酒桃花酿青梅酒柚子酒荔枝酒蓝莓酒女士低度
我以为是果酒呢？卖回来才知道是米酒，不过也可以，味道很好,2020/11/14 15:18,l***3,14900909448,送酒具浙一家花果酒礼盒500ml*6瓶 桂花酒桃花醉桃花酒桃花酿青梅酒柚子酒荔枝酒蓝莓酒女士低度
很不错的果味酒，第二次购买了。,2020/12/13 11:40,y***4,15038485712,送酒具浙一家花果酒礼盒500ml*6瓶 桂花酒桃花醉桃花酒桃花酿青梅酒柚子酒荔枝酒蓝莓酒女士低度
各类口味，都很不错，物流也很快。,2020/11/27 17:26,阿***七,14969650470,送酒具浙一家花果酒礼盒500ml*6瓶 桂花酒桃花醉桃花酒桃花酿青梅酒柚子酒荔枝酒蓝莓酒女士低度
挺好喝的，都喝完了,2021/1/19 19:37,万***b,15221950487,送酒具浙一家花果酒礼盒500ml*6瓶 桂花酒桃花醉桃花酒桃花酿青梅酒柚子酒荔枝酒蓝莓酒女士低度
满意，下次还来。,2021/3/28 22:35,银***妖,15473183149,送酒具浙一家花果酒礼盒500ml*6瓶 桂花酒桃花醉桃花酒桃花酿青梅酒柚子酒荔枝酒蓝莓酒女士低度
速度挺快，喝了再评价,2019/12/14 15:05,****i,13599555502,送酒具浙一家花果酒礼盒500ml*6瓶 桂花酒桃花醉桃花酒桃花酿青梅酒柚子酒荔枝酒蓝莓酒女士低度
密柚和蓝莓的喝着不错  其它还没尝,2020/11/12 9:46,卖***丹,14884993871,送酒具浙一家花果酒礼盒500ml*6瓶 桂花酒桃花醉桃花酒桃花酿青梅酒柚子酒荔枝酒蓝莓酒女士低度
酒精度不高，女孩喝也合适。瓶子非常漂亮。,2020/10/12 9:52,****l,14743478063,送酒具浙一家花果酒礼盒500ml*6瓶 桂花酒桃花醉桃花酒桃花酿青梅酒柚子酒荔枝酒蓝莓酒女士低度
此用户未填写评价内容,2019/12/12 11:07,5***女,13588342589,送酒具浙一家花果酒礼盒500ml*6瓶 桂花酒桃花醉桃花酒桃花酿青梅酒柚子酒荔枝酒蓝莓酒女士低度
瓶子好好看，留着当花瓶用。,2020/12/17 22:41,w***o,15061566273,送酒具浙一家花果酒礼盒500ml*6瓶 桂花酒桃花醉桃花酒桃花酿青梅酒柚子酒荔枝酒蓝莓酒女士低度
摆在酒柜里，很好看，还没喝，以后再平,2020/10/29 3:27,e***y,14810627976,送酒具浙一家花果酒礼盒500ml*6瓶 桂花酒桃花醉桃花酒桃花酿青梅酒柚子酒荔枝酒蓝莓酒女士低度
酒瓶非常漂亮，酒也很好喝,2020/12/25 18:17,g***g,15095053729,送酒具浙一家花果酒礼盒500ml*6瓶 桂花酒桃花醉桃花酒桃花酿青梅酒柚子酒荔枝酒蓝莓酒女士低度
不错，挺好的，比实体店便宜，速度挺快的。,2020/10/6 10:30,j***5,14721086431,送酒具浙一家花果酒礼盒500ml*6瓶 桂花酒桃花醉桃花酒桃花酿青梅酒柚子酒荔枝酒蓝莓酒女士低度
店家周到，送了杯子和开瓶器,2020/12/13 17:22,****s,15040267010,送酒具浙一家花果酒礼盒500ml*6瓶 桂花酒桃花醉桃花酒桃花酿青梅酒柚子酒荔枝酒蓝莓酒女士低度
果酒收到，口感好，好喝挺纯的，不会喝酒的人也不会醉，跟商家描述的一样,2020/8/27 10:19,小***儿,14575365958,送酒具浙一家花果酒礼盒500ml*6瓶 桂花酒桃花醉桃花酒桃花酿青梅酒柚子酒荔枝酒蓝莓酒女士低度
好喝不上头好入口,2021/3/19 14:00,****z,15438111873,送酒具浙一家花果酒礼盒500ml*6瓶 桂花酒桃花醉桃花酒桃花酿青梅酒柚子酒荔枝酒蓝莓酒女士低度
味道很好，很喜欢，下次还会再来,2020/11/22 10:47,关***满,14944818239,送酒具浙一家花果酒礼盒500ml*6瓶 桂花酒桃花醉桃花酒桃花酿青梅酒柚子酒荔枝酒蓝莓酒女士低度
还没喝，看着还不错。。,2020/12/30 7:57,***森,15112853537,送酒具浙一家花果酒礼盒500ml*6瓶 桂花酒桃花醉桃花酒桃花酿青梅酒柚子酒荔枝酒蓝莓酒女士低度
好喝，有点像饮料了，适合女人喝,2020/11/21 10:09,任***的,14939951443,送酒具浙一家花果酒礼盒500ml*6瓶 桂花酒桃花醉桃花酒桃花酿青梅酒柚子酒荔枝酒蓝莓酒女士低度
货收到，包装很漂亮，送的小酒具很精致，好不好喝不知道，还没有喝,2020/9/22 16:33,1***6,14671691278,送酒具浙一家花果酒礼盒500ml*6瓶 桂花酒桃花醉桃花酒桃花酿青梅酒柚子酒荔枝酒蓝莓酒女士低度
打开那一瞬间美翻了，朋友超喜欢,2020/11/16 9:40,****w,14911590003,送酒具浙一家花果酒礼盒500ml*6瓶 桂花酒桃花醉桃花酒桃花酿青梅酒柚子酒荔枝酒蓝莓酒女士低度
还没有开始喝，喝了再来评价。包装漂亮。可以拿来插花。,2020/7/29 18:04,****j,14472478411,送酒具浙一家花果酒礼盒500ml*6瓶 桂花酒桃花醉桃花酒桃花酿青梅酒柚子酒荔枝酒蓝莓酒女士低度
很好喝的酒，爱喝，甜丝丝的,2020/12/4 11:28,****2,14998352841,送酒具浙一家花果酒礼盒500ml*6瓶 桂花酒桃花醉桃花酒桃花酿青梅酒柚子酒荔枝酒蓝莓酒女士低度
就是看酒瓶挺好看 感觉在喝饮料,2020/11/12 16:33,****7,14887836744,送酒具浙一家花果酒礼盒500ml*6瓶 桂花酒桃花醉桃花酒桃花酿青梅酒柚子酒荔枝酒蓝莓酒女士低度
就是看酒瓶挺好看 感觉在喝饮料,2020/11/12 16:32,****7,14887830329,送酒具浙一家花果酒礼盒500ml*6瓶 桂花酒桃花醉桃花酒桃花酿青梅酒柚子酒荔枝酒蓝莓酒女士低度
就是看酒瓶挺好看 感觉在喝饮料,2020/11/12 16:29,****7,14887803453,送酒具浙一家花果酒礼盒500ml*6瓶 桂花酒桃花醉桃花酒桃花酿青梅酒柚子酒荔枝酒蓝莓酒女士低度
米酒到了。口味非常纯。送礼也是更上档次。喝了对身体也有好处。,2020/9/24 9:08,航***娜,14677706194,送酒具浙一家花果酒礼盒500ml*6瓶 桂花酒桃花醉桃花酒桃花酿青梅酒柚子酒荔枝酒蓝莓酒女士低度
非常精致，也特别好看的包装，很喜欢，味道也不错，很适合朋友间小酌,2020/4/3 0:11,张***q,13988900158,送酒具浙一家花果酒礼盒500ml*6瓶 桂花酒桃花醉桃花酒桃花酿青梅酒柚子酒荔枝酒蓝莓酒女士低度
味道不错，这个没有度数,2020/12/21 10:09,t***8,15075640355,送酒具浙一家花果酒礼盒500ml*6瓶 桂花酒桃花醉桃花酒桃花酿青梅酒柚子酒荔枝酒蓝莓酒女士低度
送的酒具真的太mini了吧，不过挺好看的,2020/9/23 20:14,海***初,14676377268,送酒具浙一家花果酒礼盒500ml*6瓶 桂花酒桃花醉桃花酒桃花酿青梅酒柚子酒荔枝酒蓝莓酒女士低度
6瓶，六种口味，适合女士喝！送货很快,2020/10/11 14:48,我***天,14740787711,送酒具浙一家花果酒礼盒500ml*6瓶 桂花酒桃花醉桃花酒桃花酿青梅酒柚子酒荔枝酒蓝莓酒女士低度
红酒己收到，中午打开一瓶，甜的很好喝，很喜欢，下次还会再来光顾。,2020/8/27 11:39,s***I,14575671010,送酒具浙一家花果酒礼盒500ml*6瓶 桂花酒桃花醉桃花酒桃花酿青梅酒柚子酒荔枝酒蓝莓酒女士低度
酒收到了，包装很好没有破损，酒很好喝，不像白酒那么辣适合女士喝，,2020/8/26 16:49,P***g,14573233751,送酒具浙一家花果酒礼盒500ml*6瓶 桂花酒桃花醉桃花酒桃花酿青梅酒柚子酒荔枝酒蓝莓酒女士低度
味道还行 一直想买这口味的,2020/11/20 18:19,z***h,14937580426,送酒具浙一家花果酒礼盒500ml*6瓶 桂花酒桃花醉桃花酒桃花酿青梅酒柚子酒荔枝酒蓝莓酒女士低度
非常好喝的酒，带有水果香味儿，很适合女同胞喝,2020/11/29 19:38,****E,14978505988,送酒具浙一家花果酒礼盒500ml*6瓶 桂花酒桃花醉桃花酒桃花酿青梅酒柚子酒荔枝酒蓝莓酒女士低度
还没有喝，喝了以后再评论。,2020/11/19 18:10,****k,14932593053,送酒具浙一家花果酒礼盒500ml*6瓶 桂花酒桃花醉桃花酒桃花酿青梅酒柚子酒荔枝酒蓝莓酒女士低度
果子酒收到了，口感好，是记忆中的味道。物流很快。好评,2020/10/20 7:20,燕***台,14774111190,送酒具浙一家花果酒礼盒500ml*6瓶 桂花酒桃花醉桃花酒桃花酿青梅酒柚子酒荔枝酒蓝莓酒女士低度
很好，一如既往得好喝。,2020/12/7 10:44,l***8,15010572860,送酒具浙一家花果酒礼盒500ml*6瓶 桂花酒桃花醉桃花酒桃花酿青梅酒柚子酒荔枝酒蓝莓酒女士低度
包装很棒，口感很棒，很喜欢,2020/11/17 11:02,若***明,14918805083,送酒具浙一家花果酒礼盒500ml*6瓶 桂花酒桃花醉桃花酒桃花酿青梅酒柚子酒荔枝酒蓝莓酒女士低度
这酒跟饮料差不多。！,2020/12/15 13:42,天***i,15049439249,送酒具浙一家花果酒礼盒500ml*6瓶 桂花酒桃花醉桃花酒桃花酿青梅酒柚子酒荔枝酒蓝莓酒女士低度
酒瓶很漂亮，酒一般，还可以吧,2020/10/29 13:45,x***2,14812143029,送酒具浙一家花果酒礼盒500ml*6瓶 桂花酒桃花醉桃花酒桃花酿青梅酒柚子酒荔枝酒蓝莓酒女士低度
还行，性价比高,2021/5/15 9:45,****g,15674253077,送酒具浙一家花果酒礼盒500ml*6瓶 桂花酒桃花醉桃花酒桃花酿青梅酒柚子酒荔枝酒蓝莓酒女士低度
味道很淡。不像是酿酒，应该是勾兑的酒吧。,2020/8/26 17:02,****4,14573288225,送酒具浙一家花果酒礼盒500ml*6瓶 桂花酒桃花醉桃花酒桃花酿青梅酒柚子酒荔枝酒蓝莓酒女士低度
包装很好，还送了小礼物，没来得及喝,2020/12/31 13:49,****3,15117888419,送酒具浙一家花果酒礼盒500ml*6瓶 桂花酒桃花醉桃花酒桃花酿青梅酒柚子酒荔枝酒蓝莓酒女士低度
小瓶子很好看，口感也不错，尤其的冰的,2020/9/13 8:49,****3,14636442976,送酒具浙一家花果酒礼盒500ml*6瓶 桂花酒桃花醉桃花酒桃花酿青梅酒柚子酒荔枝酒蓝莓酒女士低度
口感不错，甜滋滋的，不难下咽。并且喝完不上头，第二天啥事不耽误。,2020/8/1 11:06,J***n,14481854657,送酒具浙一家花果酒礼盒500ml*6瓶 桂花酒桃花醉桃花酒桃花酿青梅酒柚子酒荔枝酒蓝莓酒女士低度
这酒不错，大冬天的喝了热身也不会醉,2020/12/26 21:18,****9,15099751740,送酒具浙一家花果酒礼盒500ml*6瓶 桂花酒桃花醉桃花酒桃花酿青梅酒柚子酒荔枝酒蓝莓酒女士低度
非常不错，有颜值，味道赞！,2020/10/27 14:47,陈***牛,14804287933,送酒具浙一家花果酒礼盒500ml*6瓶 桂花酒桃花醉桃花酒桃花酿青梅酒柚子酒荔枝酒蓝莓酒女士低度
东东不错，孝敬老妈的,2020/11/25 10:53,6***豆,14958920718,送酒具浙一家花果酒礼盒500ml*6瓶 桂花酒桃花醉桃花酒桃花酿青梅酒柚子酒荔枝酒蓝莓酒女士低度
时不时就要买一次的，隔一段时间不吃就会想念了,2020/11/5 15:47,碎***影,14847308697,送酒具浙一家花果酒礼盒500ml*6瓶 桂花酒桃花醉桃花酒桃花酿青梅酒柚子酒荔枝酒蓝莓酒女士低度
酒瓶非常漂亮 酒色泽艳丽 入口舒适 冰冻一下更加好喝,2020/9/22 7:17,****h,14669680389,送酒具浙一家花果酒礼盒500ml*6瓶 桂花酒桃花醉桃花酒桃花酿青梅酒柚子酒荔枝酒蓝莓酒女士低度
口感柔和，有点甜，媳妇儿喜欢喝，小酌佳品，价格不贵，推荐一下,2020/8/12 8:46,t***1,14521224521,送酒具浙一家花果酒礼盒500ml*6瓶 桂花酒桃花醉桃花酒桃花酿青梅酒柚子酒荔枝酒蓝莓酒女士低度
产品非常棒，十分喜欢。,2020/11/7 11:44,定***兵,14856450816,送酒具浙一家花果酒礼盒500ml*6瓶 桂花酒桃花醉桃花酒桃花酿青梅酒柚子酒荔枝酒蓝莓酒女士低度
特别钟情桂花酒，甜度适中，桂香浓郁。来点糕点，很是惬意。,2020/8/29 16:23,北***北,14583446305,送酒具浙一家花果酒礼盒500ml*6瓶 桂花酒桃花醉桃花酒桃花酿青梅酒柚子酒荔枝酒蓝莓酒女士低度
已经喝过，味道不错，送的杯子也好看,2020/12/16 11:23,****1,15053673091,送酒具浙一家花果酒礼盒500ml*6瓶 桂花酒桃花醉桃花酒桃花酿青梅酒柚子酒荔枝酒蓝莓酒女士低度
很好喝，不上头，瓶子包装很精致,2020/9/26 17:55,****嵋,14687190580,送酒具浙一家花果酒礼盒500ml*6瓶 桂花酒桃花醉桃花酒桃花酿青梅酒柚子酒荔枝酒蓝莓酒女士低度
酒瓶太可爱了，喝完酒都不舍得扔！果酒口感很香，很好喝！,2020/9/6 22:21,y***r,14613494851,送酒具浙一家花果酒礼盒500ml*6瓶 桂花酒桃花醉桃花酒桃花酿青梅酒柚子酒荔枝酒蓝莓酒女士低度
第一次买，样子很漂亮，味道也不错,2020/9/15 5:43,抱***生,14643521097,送酒具浙一家花果酒礼盒500ml*6瓶 桂花酒桃花醉桃花酒桃花酿青梅酒柚子酒荔枝酒蓝莓酒女士低度
喝起来口感很好，味道不错,2020/10/24 10:11,****d,14790579517,送酒具浙一家花果酒礼盒500ml*6瓶 桂花酒桃花醉桃花酒桃花酿青梅酒柚子酒荔枝酒蓝莓酒女士低度
也没有很好喝，不是很推荐，酒瓶好看，不过有脱漆。,2020/10/4 11:33,一***长,14714329795,送酒具浙一家花果酒礼盒500ml*6瓶 桂花酒桃花醉桃花酒桃花酿青梅酒柚子酒荔枝酒蓝莓酒女士低度
服务态度很好，送货速度很快。幸苦你们了！唯一遗憾就是没有送酒杯！,2020/4/2 14:34,t***e,13986810786,送酒具浙一家花果酒礼盒500ml*6瓶 桂花酒桃花醉桃花酒桃花酿青梅酒柚子酒荔枝酒蓝莓酒女士低度
包装精美，厂家很贴心，后期会考虑再次购买,2020/11/10 10:25,v***兽,14872079089,送酒具浙一家花果酒礼盒500ml*6瓶 桂花酒桃花醉桃花酒桃花酿青梅酒柚子酒荔枝酒蓝莓酒女士低度
给不错，可以和老婆小酌几杯,2020/10/11 11:45,l***g,14740118016,送酒具浙一家花果酒礼盒500ml*6瓶 桂花酒桃花醉桃花酒桃花酿青梅酒柚子酒荔枝酒蓝莓酒女士低度
还没开始喝，包装挺好看的，物流很快。,2020/11/26 20:37,小***达,14966155354,送酒具浙一家花果酒礼盒500ml*6瓶 桂花酒桃花醉桃花酒桃花酿青梅酒柚子酒荔枝酒蓝莓酒女士低度
先把蜜桃哥桂花的喝了，各有各的特色,2020/12/5 22:47,****a,15005112748,送酒具浙一家花果酒礼盒500ml*6瓶 桂花酒桃花醉桃花酒桃花酿青梅酒柚子酒荔枝酒蓝莓酒女士低度
送礼，朋友很喜欢，瓶子很可爱还可以再利用,2020/11/3 12:38,或***绯,14835188165,送酒具浙一家花果酒礼盒500ml*6瓶 桂花酒桃花醉桃花酒桃花酿青梅酒柚子酒荔枝酒蓝莓酒女士低度
挺好喝，没酒劲，女士专用酒,2020/10/4 14:00,g***8,14714812558,送酒具浙一家花果酒礼盒500ml*6瓶 桂花酒桃花醉桃花酒桃花酿青梅酒柚子酒荔枝酒蓝莓酒女士低度
味道清甜顺口，三次购买呢,2020/10/13 15:41,1***p,14748589271,送酒具浙一家花果酒礼盒500ml*6瓶 桂花酒桃花醉桃花酒桃花酿青梅酒柚子酒荔枝酒蓝莓酒女士低度
感觉还不错，甜甜的味道，主要瓶子好看,2020/11/19 11:15,米***贝,14930460411,送酒具浙一家花果酒礼盒500ml*6瓶 桂花酒桃花醉桃花酒桃花酿青梅酒柚子酒荔枝酒蓝莓酒女士低度
很好，口感不错，度数不高，不错。,2020/12/8 15:48,五***9,15016496918,送酒具浙一家花果酒礼盒500ml*6瓶 桂花酒桃花醉桃花酒桃花酿青梅酒柚子酒荔枝酒蓝莓酒女士低度
速度很快，包装不错，唯一可惜的一点赠送的酒杯破了个口,2020/5/20 9:58,吴***2,14173842458,送酒具浙一家花果酒礼盒500ml*6瓶 桂花酒桃花醉桃花酒桃花酿青梅酒柚子酒荔枝酒蓝莓酒女士低度
不错，还可以，满意，非常满意,2020/9/17 17:38,瞎***看,14653257478,送酒具浙一家花果酒礼盒500ml*6瓶 桂花酒桃花醉桃花酒桃花酿青梅酒柚子酒荔枝酒蓝莓酒女士低度
第二次购买了，很好喝。,2020/10/16 16:15,e***s,14760289575,送酒具浙一家花果酒礼盒500ml*6瓶 桂花酒桃花醉桃花酒桃花酿青梅酒柚子酒荔枝酒蓝莓酒女士低度
味道很好，微醺，就是应该设计一个瓶口，不然不好倒,2020/9/16 10:27,****d,14647966221,送酒具浙一家花果酒礼盒500ml*6瓶 桂花酒桃花醉桃花酒桃花酿青梅酒柚子酒荔枝酒蓝莓酒女士低度
很实惠，很好喝，很合适！,2020/10/5 15:54,一***你,14718672958,送酒具浙一家花果酒礼盒500ml*6瓶 桂花酒桃花醉桃花酒桃花酿青梅酒柚子酒荔枝酒蓝莓酒女士低度
没有酒味 就是个饮料,2020/10/21 9:29,布***o,14778503357,送酒具浙一家花果酒礼盒500ml*6瓶 桂花酒桃花醉桃花酒桃花酿青梅酒柚子酒荔枝酒蓝莓酒女士低度
卖家发货很快，包装很好，样式京美，口感醇厚。超值。,2020/8/31 9:22,w***2,14588929743,送酒具浙一家花果酒礼盒500ml*6瓶 桂花酒桃花醉桃花酒桃花酿青梅酒柚子酒荔枝酒蓝莓酒女士低度
包装太好看了，特别喜欢，味道也很好闻,2020/11/8 17:17,J***月,14863303470,送酒具浙一家花果酒礼盒500ml*6瓶 桂花酒桃花醉桃花酒桃花酿青梅酒柚子酒荔枝酒蓝莓酒女士低度
微甜，包装很好，颜值很高,2020/9/29 21:34,秋***6,14699715380,送酒具浙一家花果酒礼盒500ml*6瓶 桂花酒桃花醉桃花酒桃花酿青梅酒柚子酒荔枝酒蓝莓酒女士低度
好喝的话，也不咋滴，但是都是一个味就过分了，荔枝没有荔枝味，蜜柚没有蜜柚味。,2020/4/19 1:22,九***丶,14051025102,送酒具浙一家花果酒礼盒500ml*6瓶 桂花酒桃花醉桃花酒桃花酿青梅酒柚子酒荔枝酒蓝莓酒女士低度
我是冲着瓶子来的，酒不重要,2020/9/16 19:41,q***y,14649976240,送酒具浙一家花果酒礼盒500ml*6瓶 桂花酒桃花醉桃花酒桃花酿青梅酒柚子酒荔枝酒蓝莓酒女士低度
很好，包装的很好，老婆说很喜欢瓶子的设计感,2020/6/27 12:04,1***p,14349507297,送酒具浙一家花果酒礼盒500ml*6瓶 桂花酒桃花醉桃花酒桃花酿青梅酒柚子酒荔枝酒蓝莓酒女士低度
物超所值 好喝不贵 以后还会再次光顾的！,2020/10/15 13:51,****p,14755907056,送酒具浙一家花果酒礼盒500ml*6瓶 桂花酒桃花醉桃花酒桃花酿青梅酒柚子酒荔枝酒蓝莓酒女士低度
快递很快，外观包装很好！不过没有配送专属礼品袋,2020/9/15 14:20,****f,14645088240,送酒具浙一家花果酒礼盒500ml*6瓶 桂花酒桃花醉桃花酒桃花酿青梅酒柚子酒荔枝酒蓝莓酒女士低度
再次购买的酒 老少皆宜 都说口感不错的！,2020/10/15 13:50,****p,14755874947,送酒具浙一家花果酒礼盒500ml*6瓶 桂花酒桃花醉桃花酒桃花酿青梅酒柚子酒荔枝酒蓝莓酒女士低度
新疆时间小姐姐小姐姐辛苦我看，快点开学看看,2020/9/24 17:28,****X,14679551883,送酒具浙一家花果酒礼盒500ml*6瓶 桂花酒桃花醉桃花酒桃花酿青梅酒柚子酒荔枝酒蓝莓酒女士低度
瓶子很漂亮，酒喝完了还可以留做装饰品。,2020/6/30 7:14,****a,14361208543,送酒具浙一家花果酒礼盒500ml*6瓶 桂花酒桃花醉桃花酒桃花酿青梅酒柚子酒荔枝酒蓝莓酒女士低度
可以，不错哦，果香味好,2020/12/22 16:25,****z,15081735710,送酒具浙一家花果酒礼盒500ml*6瓶 桂花酒桃花醉桃花酒桃花酿青梅酒柚子酒荔枝酒蓝莓酒女士低度
味道还不错?,2021/3/10 17:33,****手,15404855693,送酒具浙一家花果酒礼盒500ml*6瓶 桂花酒桃花醉桃花酒桃花酿青梅酒柚子酒荔枝酒蓝莓酒女士低度
东西不错！味道很好！适合小姐姐喝哦！,2020/10/13 11:40,小***木,14747720856,送酒具浙一家花果酒礼盒500ml*6瓶 桂花酒桃花醉桃花酒桃花酿青梅酒柚子酒荔枝酒蓝莓酒女士低度
看着很漂亮，就买了，送货很快,2020/8/13 0:01,y***y,14524308262,送酒具浙一家花果酒礼盒500ml*6瓶 桂花酒桃花醉桃花酒桃花酿青梅酒柚子酒荔枝酒蓝莓酒女士低度
"真的很赞,卖家服务态度很好很耐心",2020/10/30 21:37,****3,14817820635,送酒具浙一家花果酒礼盒500ml*6瓶 桂花酒桃花醉桃花酒桃花酿青梅酒柚子酒荔枝酒蓝莓酒女士低度
酒的味道不错，喝着挺好，年前下的单，终于到了，好酒不怕晚啊。,2020/2/27 14:32,c***5,13846992894,送酒具浙一家花果酒礼盒500ml*6瓶 桂花酒桃花醉桃花酒桃花酿青梅酒柚子酒荔枝酒蓝莓酒女士低度
买了点，赠品太少，有点不好看,2020/11/13 22:39,察***爷,14897323143,送酒具浙一家花果酒礼盒500ml*6瓶 桂花酒桃花醉桃花酒桃花酿青梅酒柚子酒荔枝酒蓝莓酒女士低度
